residue,regression,classification,entropy,surprisal,id
M,0.037727125,1,0.9789427670391498,-1.0930942,Alb3-A3CT
D,0.24511999,1,0.9081948633487746,0.82092005,Alb3-A3CT
E,0.38329402,2,0.8112500184439304,1.2543764,Alb3-A3CT
N,0.27950954,1,0.8228570603647631,1.2291374,Alb3-A3CT
A,0.4157251,2,0.7276379421430913,0.28605774,Alb3-A3CT
S,-0.0039254576,1,0.47249851870222465,0.80789405,Alb3-A3CT
K,0.24795392,1,0.8201178598875245,0.9054302,Alb3-A3CT
I,1.130508,2,0.2290223448294419,-0.57696027,Alb3-A3CT
I,1.0341756,2,0.23720218513906627,-0.8489961,Alb3-A3CT
S,-0.1847346,1,0.4039664495921683,0.42018464,Alb3-A3CT
A,0.2532833,1,0.8194542732721485,0.011739511,Alb3-A3CT
G,-0.29137743,1,0.32657011983457834,0.09936162,Alb3-A3CT
R,0.10960521,1,0.6857260806181896,0.1932276,Alb3-A3CT
A,0.11567017,1,0.8416491865987424,-0.2206501,Alb3-A3CT
K,-0.25337243,1,0.8386827683351253,0.36960247,Alb3-A3CT
R,0.04173495,1,0.642197001381643,0.11152385,Alb3-A3CT
S,0.025724687,1,0.5858238779488508,0.87147284,Alb3-A3CT
I,0.89899975,2,0.44133900105667695,-1.2307235,Alb3-A3CT
A,-0.39373296,1,0.8506813106252291,-1.0808878,Alb3-A3CT
Q,-0.19812174,1,0.6101738337044655,0.9815697,Alb3-A3CT
P,-0.36389798,1,0.7692709898656532,0.47935727,Alb3-A3CT
D,-0.06453118,1,0.8867911974425587,0.48545957,Alb3-A3CT
D,0.35046986,2,0.7957863506570695,0.93505085,Alb3-A3CT
A,0.04451283,1,0.8610792370763316,-0.34081468,Alb3-A3CT
G,-0.21859698,1,0.38931413051266095,0.27346158,Alb3-A3CT
E,-0.01512602,1,0.6723880493290655,0.772521,Alb3-A3CT
R,0.29357594,1,0.6418924166985654,0.4146958,Alb3-A3CT
F,0.35523605,2,0.7874304545411418,-1.2710395,Alb3-A3CT
R,0.9560043,2,0.3934929195151541,1.2121422,Alb3-A3CT
Q,-0.0035731047,1,0.4569329067366137,1.3986965,Alb3-A3CT
L,0.67305547,2,0.5281408884662653,-1.1679399,Alb3-A3CT
K,-0.7045209,0,0.8838475118084766,-0.11259411,Alb3-A3CT
E,0.8723101,2,0.44559545535554085,1.8457999,Alb3-A3CT
Q,-0.3576222,1,0.48853316069726294,0.6395887,Alb3-A3CT
E,0.57443243,2,0.6677558555890449,1.485542,Alb3-A3CT
K,0.2416906,2,0.8670929127873538,0.8987358,Alb3-A3CT
R,0.90617263,2,0.4694901074666264,1.1521536,Alb3-A3CT
S,0.25844812,1,0.6970247942964272,1.3705021,Alb3-A3CT
K,0.12898941,2,0.9197209575768479,0.7782785,Alb3-A3CT
K,-0.14683582,1,0.9629115430767147,0.48347095,Alb3-A3CT
N,-0.1570506,1,0.7993029094063306,0.5642273,Alb3-A3CT
K,-0.6234784,0,0.8553095437877889,-0.025974283,Alb3-A3CT
A,-0.13323875,1,0.8681277628488109,-0.64098674,Alb3-A3CT
V,0.6559666,2,0.5686829327346046,-1.6243536,Alb3-A3CT
A,0.045885764,1,0.8685853451817421,-0.3384962,Alb3-A3CT
K,-0.12735598,1,0.9771575774395804,0.50429136,Alb3-A3CT
D,-0.57138234,1,0.777306784515575,-0.06363754,Alb3-A3CT
T,0.20829552,1,0.6535395526843776,0.78540295,Alb3-A3CT
V,1.3391446,2,0.09651792991999095,0.40538204,Alb3-A3CT
E,-0.034069926,1,0.8741008562044817,0.74961,Alb3-A3CT
L,0.8498722,2,0.374026572786589,-0.73440516,Alb3-A3CT
V,0.9641914,2,0.28270884038170047,-0.7086115,Alb3-A3CT
E,-0.18878464,1,0.9178295376941531,0.56249565,Alb3-A3CT
E,-0.11411093,1,0.9156427563909607,0.6528072,Alb3-A3CT
S,-0.13305046,1,0.6014225851507777,0.53101104,Alb3-A3CT
Q,0.03983947,1,0.749804914409517,1.4917763,Alb3-A3CT
S,0.30288357,1,0.7294837882577445,1.4657851,Alb3-A3CT
E,-0.13591023,1,0.87422433941408,0.62644285,Alb3-A3CT
S,0.14248799,1,0.6670017182369292,1.1218486,Alb3-A3CT
E,-0.26683247,1,0.921425633519544,0.46810344,Alb3-A3CT
E,-0.5447743,0,0.8764708006516125,0.13195634,Alb3-A3CT
G,-0.15515707,1,0.5422344134696492,0.4252178,Alb3-A3CT
S,0.034377173,1,0.6735712311546006,0.89002633,Alb3-A3CT
D,-0.24952446,1,0.9486483642963476,0.2850471,Alb3-A3CT
D,-0.15177695,1,0.9437176081211692,0.39094186,Alb3-A3CT
E,-0.3576553,1,0.9062087693884222,0.35826093,Alb3-A3CT
E,-0.33639985,1,0.9111568869990448,0.38396758,Alb3-A3CT
E,-0.10030827,1,0.9204722736957038,0.6695004,Alb3-A3CT
E,-0.11967753,1,0.8432124210970525,0.6460749,Alb3-A3CT
A,0.15333122,1,0.8274338060203332,-0.15705124,Alb3-A3CT
R,0.57486004,2,0.605582493592225,0.753312,Alb3-A3CT
E,-0.6029189,0,0.8001378859422343,0.06163534,Alb3-A3CT
G,-0.27176094,1,0.2753301760633489,0.14628671,Alb3-A3CT
A,0.23279259,1,0.8046988435424471,-0.022863489,Alb3-A3CT
L,0.8062951,2,0.4626644591216645,-0.84125125,Alb3-A3CT
A,0.22393468,2,0.830708661035517,-0.037821986,Alb3-A3CT
S,-0.30489737,1,0.25254426862333074,0.16251941,Alb3-A3CT
S,-0.21398039,1,0.2928264339048618,0.35747284,Alb3-A3CT
T,0.14297432,1,0.5101999608594329,0.6296038,Alb3-A3CT
T,0.06093637,1,0.46715054553152335,0.43393317,Alb3-A3CT
S,-0.0620915,1,0.40995915594444277,0.6831685,Alb3-A3CT
K,-0.5912156,0,0.8755686028078477,0.008508851,Alb3-A3CT
P,0.113157675,1,0.8832187565729609,1.1419073,Alb3-A3CT
L,0.8357096,2,0.4520811722199502,-0.76913023,Alb3-A3CT
P,-0.5857992,1,0.8166685224461245,0.17117378,Alb3-A3CT
E,0.17945564,1,0.8137401365770278,1.0078511,Alb3-A3CT
V,0.7642094,2,0.4819438991467735,-1.302762,Alb3-A3CT
G,-0.3935914,1,0.3778085987346921,-0.14514706,Alb3-A3CT
Q,-0.34649992,1,0.3998096607836524,0.66343576,Alb3-A3CT
R,0.78217375,2,0.5048210626318463,1.0028809,Alb3-A3CT
R,-0.075510874,1,0.6080534056373621,-0.02961934,Alb3-A3CT
S,0.144251,1,0.552909200561604,1.125629,Alb3-A3CT
K,-0.7042497,0,0.8367824507167654,-0.11230425,Alb3-A3CT
R,0.3370152,2,0.7555117267490595,0.46698898,Alb3-A3CT
S,0.0767526,1,0.6217304732080238,0.9808921,Alb3-A3CT
K,-0.3012554,2,0.9986526621543083,0.31842417,Alb3-A3CT
R,0.08593702,1,0.6885390129415812,0.16473533,Alb3-A3CT
K,-0.19721319,2,0.9574775222915921,0.4296266,Alb3-A3CT
R,0.05846233,1,0.6862926602130202,0.13166066,Alb3-A3CT
T,0.09211668,1,0.5170592469855684,0.5083021,Alb3-A3CT
V,0.78329694,2,0.4473347185329113,-1.2460525,Alb3-A3CT
P,0.106126115,1,0.9690669315045516,1.1321417,FCP1
G,-0.19711427,1,0.808840956512564,0.32485092,FCP1
P,-0.04053974,1,0.9421137370130221,0.9284475,FCP1
E,0.07990251,1,0.8998633274969549,0.88745004,FCP1
E,-0.3231513,1,0.9054781242286422,0.3999906,FCP1
Q,0.16117655,1,0.7016331160627116,1.7519321,FCP1
E,0.094123274,1,0.8702402155065071,0.9046489,FCP1
E,0.4929347,2,0.7613438669507163,1.3869774,FCP1
E,0.6234254,2,0.6594531831236514,1.5447949,FCP1
P,0.3695259,1,0.839477108261192,1.4979597,FCP1
Q,0.37077492,2,0.7659430739633925,2.2013268,FCP1
P,0.13758281,1,0.8682826594056663,1.1758298,FCP1
R,0.6847587,2,0.6165196553773332,0.8856105,FCP1
K,-0.021217078,1,0.9533686130667626,0.61773485,FCP1
P,-0.1953563,1,0.9765982136913565,0.7134333,FCP1
G,-0.32820654,1,0.4703343072651099,0.011261752,FCP1
T,0.14330252,1,0.4931970933114553,0.63038665,FCP1
R,0.6362214,2,0.5801479364117079,0.8271802,FCP1
R,-0.0037435591,1,0.6681432326173978,0.05677579,FCP1
E,-0.26648146,1,0.8869048605902337,0.46852797,FCP1
R,-0.2699769,1,0.6514476082223002,-0.26372197,FCP1
T,0.10697171,1,0.5320007153469535,0.5437332,FCP1
L,0.6951441,2,0.5962418243052001,-1.113781,FCP1
G,-0.13512324,1,0.43468718408410195,0.47314125,FCP1
A,0.15797895,1,0.8160407980458383,-0.14920253,FCP1
P,-0.19120197,1,0.9422660836090467,0.719203,FCP1
A,0.10152437,1,0.8387175997149857,-0.24453834,FCP1
S,-0.11458932,1,0.47887081656414493,0.57059723,FCP1
S,-0.23684709,1,0.38076763838824534,0.30843973,FCP1
E,-0.41595423,1,0.8793709199336264,0.2877533,FCP1
R,0.13616413,1,0.6768089218470363,0.22519986,FCP1
S,-0.032977954,1,0.5365701366469454,0.7455967,FCP1
A,-0.03780976,1,0.8754414845477033,-0.4798342,FCP1
A,0.1609733,1,0.8868641697259109,-0.14414594,FCP1
G,-0.24545811,1,0.42791947952993564,0.20920639,FCP1
G,-0.120190546,1,0.40074921284086557,0.50886214,FCP1
R,0.2186805,1,0.742012830909646,0.32453495,FCP1
G,0.01811494,1,0.585858058274882,0.83970624,FCP1
P,-0.40851176,0,0.9202641534883143,0.41739625,FCP1
R,0.327169,2,0.7661387156390564,0.45513588,FCP1
G,-0.1649154,1,0.3992231697925466,0.40187466,FCP1
H,0.23114216,1,0.7253143310268028,0.5588561,FCP1
K,-0.5499715,0,0.9184297008156714,0.052591365,FCP1
R,0.27694649,1,0.7034441307975046,0.39467686,FCP1
K,0.5168309,2,0.7408123419031521,1.1928114,FCP1
L,0.46414816,2,0.7676852397557513,-1.6801572,FCP1
N,0.23665416,1,0.8531627480406043,1.1638658,FCP1
E,0.055927366,1,0.8551316975834554,0.8584541,FCP1
E,-0.051108122,1,0.8607496953298027,0.7290038,FCP1
D,0.025713623,1,0.9237160408905452,0.58322626,FCP1
A,0.027658403,1,0.8765995465463299,-0.36927703,FCP1
A,-0.052075252,1,0.8458484837968543,-0.5039246,FCP1
S,0.092167586,1,0.6244893680635947,1.0139464,FCP1
E,0.19394228,1,0.8871964784512136,1.0253714,FCP1
S,0.04350195,1,0.48534424478752886,0.9095926,FCP1
S,-0.060442224,1,0.5120679428042777,0.68670505,FCP1
R,0.76431674,2,0.6071078042049862,0.9813843,FCP1
E,-0.11365904,1,0.9585064043596153,0.65335375,FCP1
S,0.25106448,1,0.6988649436900752,1.3546693,FCP1
S,0.111456335,1,0.5870215999765708,1.0553074,FCP1
N,0.35906172,1,0.790823964116691,1.3503007,FCP1
E,-0.09786245,1,0.9143289297637065,0.6724584,FCP1
D,0.0075874925,1,0.9291912950848481,0.5635893,FCP1
E,-0.47928387,0,0.9237366575951353,0.21116146,FCP1
G,0.23793355,1,0.6387025784625734,1.3655399,FCP1
S,0.08406483,1,0.509130387927087,0.9965717,FCP1
S,0.08236799,1,0.42607398606943986,0.99293315,FCP1
S,0.009900421,1,0.45907102176607606,0.83754086,FCP1
E,-0.7742719,0,0.7832062545340644,-0.14560159,FCP1
A,0.5486581,2,0.6514625824603709,0.5105438,FCP1
D,-0.6159338,1,0.6362931367498066,-0.11190232,FCP1
E,0.20126924,2,0.8041157163294587,1.0342327,FCP1
M,0.7047866,2,0.4281235035236501,0.11260654,FCP1
A,0.5541762,2,0.6865765739370217,0.5198624,FCP1
K,0.676329,2,0.6128218866456211,1.363286,FCP1
A,0.3769384,2,0.7082433740991917,0.22055797,FCP1
L,1.135658,2,0.11907173666991196,-0.033690263,FCP1
E,-0.51968837,1,0.7235306605528348,0.16229565,FCP1
A,0.21092376,1,0.671952331553897,-0.05979374,FCP1
E,-1.2197884,0,0.6114223379308602,-0.6844161,FCP1
L,1.4539989,2,0.04402548743585249,0.74684596,FCP1
N,-0.3515817,1,0.5295514508416361,0.2679435,FCP1
D,-0.46372706,1,0.8113096441237847,0.052990794,FCP1
L,1.2236861,2,0.1333070557718394,0.1821447,FCP1
M,0.49386758,2,0.6737161991405612,-0.26862666,FCP1
G,0.14549032,1,0.8710826249069603,1.1444042,emerin_67-170
T,0.23911968,1,0.8006415845880647,0.85892236,emerin_67-170
R,0.6293115,2,0.648186371083043,0.8188619,emerin_67-170
G,-0.0699117,1,0.5351779122877627,0.6291355,emerin_67-170
D,0.04811632,1,0.9242429604562823,0.6074962,emerin_67-170
A,0.10591309,1,0.8122422244795773,-0.23712704,emerin_67-170
D,-0.16001134,1,0.9368362946738137,0.38202113,emerin_67-170
M,0.43958974,2,0.7598487760865255,-0.3667331,emerin_67-170
Y,-0.36291963,1,0.9276590398979091,-0.2751636,emerin_67-170
D,0.26751402,1,0.8340263228399685,0.8451807,emerin_67-170
L,0.95537233,2,0.3939743195673356,-0.47573057,emerin_67-170
P,-0.7495184,0,0.8007845451580521,-0.05620462,emerin_67-170
K,0.2844752,1,0.8298072770090386,0.94446486,emerin_67-170
K,-0.25316387,1,0.9528974671123905,0.36982536,emerin_67-170
E,-0.40694183,1,0.9393363413778059,0.29865304,emerin_67-170
D,0.15776923,1,0.7910467872897226,0.7262887,emerin_67-170
A,0.029964805,1,0.8180764806061788,-0.36538216,emerin_67-170
L,0.5956686,2,0.6719780481801491,-1.3576838,emerin_67-170
L,0.8616968,2,0.4518053152870846,-0.7054125,emerin_67-170
Y,-0.22977988,1,0.9011823083003566,-0.15608846,emerin_67-170
Q,-0.36227793,1,0.4286527017777894,0.62960654,emerin_67-170
S,-0.19748192,1,0.36756388695138636,0.39285055,emerin_67-170
K,-0.5119054,0,0.8698325473004784,0.09327724,emerin_67-170
G,0.041150205,1,0.49992253362121164,0.8948095,emerin_67-170
Y,-0.67920375,0,0.8926341342868824,-0.55803615,emerin_67-170
N,0.06502473,1,0.7281146220550113,0.90246284,emerin_67-170
D,-0.4703853,1,0.8464839665886048,0.045777574,emerin_67-170
D,-0.5311555,1,0.8750455895650854,-0.020057824,emerin_67-170
Y,-0.27604568,1,0.9410238729030006,-0.19746684,emerin_67-170
Y,-0.34162205,1,0.9584423840664141,-0.25611585,emerin_67-170
E,-0.6471529,0,0.8601128561759083,0.008138091,emerin_67-170
E,-0.8746334,0,0.7698938313622208,-0.26698026,emerin_67-170
S,-0.23088332,1,0.3070417059742996,0.32122788,emerin_67-170
Y,-0.14202033,1,0.909174102562324,-0.077599645,emerin_67-170
F,0.75204724,2,0.6043217278520477,-0.531958,emerin_67-170
T,0.05263017,1,0.40518788083016694,0.4141219,emerin_67-170
T,-0.016933024,1,0.3878085956599606,0.24820508,emerin_67-170
R,0.23488566,1,0.6130598468201808,0.3440431,emerin_67-170
T,0.19704358,1,0.562674628217673,0.75856566,emerin_67-170
Y,-0.48749095,0,0.9225337271367822,-0.38657546,emerin_67-170
G,-0.24347256,1,0.4072694898127064,0.21395607,emerin_67-170
E,-0.55081,1,0.873805277766041,0.12465669,emerin_67-170
P,-0.39461088,1,0.8766822846371195,0.43670222,emerin_67-170
E,-0.6984814,0,0.7923284952614046,-0.053939357,emerin_67-170
S,0.081905186,1,0.6103674679641563,0.9919408,emerin_67-170
A,0.10931796,1,0.9027969217966849,-0.23137717,emerin_67-170
G,-0.16054662,1,0.40548560232079534,0.41232535,emerin_67-170
P,-0.45406032,1,0.8065724679538114,0.35413694,emerin_67-170
S,-0.13260235,1,0.41726848302998826,0.53197193,emerin_67-170
R,0.122607045,1,0.7182882666114296,0.20887953,emerin_67-170
A,-0.052944705,1,0.8405258474710047,-0.50539285,emerin_67-170
V,0.8375789,2,0.42074337433418296,-1.0847797,emerin_67-170
R,0.065845415,1,0.6153057655128558,0.14054859,emerin_67-170
Q,-0.50263005,1,0.35529835833683937,0.32868105,emerin_67-170
S,-0.13898833,1,0.4332075557483538,0.5182784,emerin_67-170
V,1.075119,2,0.2582852341616615,-0.37904325,emerin_67-170
T,-0.041557312,1,0.34859038797149894,0.18947312,emerin_67-170
S,-0.1907859,1,0.34153361551718353,0.40720883,emerin_67-170
F,0.94961697,2,0.3520172640557927,-0.16397409,emerin_67-170
P,-0.63162327,1,0.7867984440364802,0.10753188,emerin_67-170
D,-0.5998298,1,0.836029398454365,-0.09445608,emerin_67-170
A,0.47932428,2,0.7359262914242432,0.39345872,emerin_67-170
D,-0.37476218,1,0.9124393545335276,0.14937088,emerin_67-170
A,0.08752232,1,0.8342184922285435,-0.26818386,emerin_67-170
F,0.48403233,2,0.7586809482804614,-1.0311497,emerin_67-170
H,0.25350428,1,0.6061739759960212,0.59994125,emerin_67-170
H,0.029734984,1,0.4854524282321417,0.18881793,emerin_67-170
Q,-0.20968933,1,0.6488935240504873,0.9567679,emerin_67-170
V,0.820508,2,0.46140960712043544,-1.1354977,emerin_67-170
H,0.5178305,2,0.6675889687908357,1.0855783,emerin_67-170
D,-0.609299,1,0.8356875409395678,-0.10471454,emerin_67-170
D,-0.3052382,1,0.8645233118326124,0.22468968,emerin_67-170
D,-0.45833522,1,0.8894353983152251,0.05883204,emerin_67-170
L,0.50899047,2,0.73990998129593,-1.5702089,emerin_67-170
L,0.37343556,1,0.769533039031892,-1.9025743,emerin_67-170
S,0.04764957,1,0.562777494722681,0.9184864,emerin_67-170
S,-0.06325568,1,0.501430374289557,0.6806721,emerin_67-170
S,0.01548104,1,0.5822545838394273,0.8495074,emerin_67-170
E,-0.04605934,1,0.8739300630832976,0.73510987,emerin_67-170
E,0.14113449,1,0.8571136682028898,0.96150494,emerin_67-170
E,0.2600255,1,0.8630845913791302,1.1052935,emerin_67-170
C,1.134947,2,0.3498440192467983,-0.62404114,emerin_67-170
K,0.60556734,2,0.6770729241747626,1.2876545,emerin_67-170
D,-0.57804126,1,0.8749999072880724,-0.07085147,emerin_67-170
R,0.63282174,2,0.605790071254757,0.82308763,emerin_67-170
E,-0.5522026,1,0.8959349772007471,0.12297246,emerin_67-170
R,0.41988796,2,0.7236978728779585,0.5667531,emerin_67-170
P,-0.44036776,1,0.8246521242807415,0.37315363,emerin_67-170
M,0.2360323,1,0.8404037206235505,-0.7346603,emerin_67-170
Y,-0.7678912,0,0.8268388513294482,-0.63735485,emerin_67-170
G,-0.231788,1,0.321066002253849,0.24190702,emerin_67-170
R,0.0094483495,1,0.5765434311410237,0.07265651,emerin_67-170
D,-0.72752464,0,0.7878093136152299,-0.23279426,emerin_67-170
S,-0.18259259,1,0.3322040683997402,0.42477778,emerin_67-170
A,-0.26733,1,0.7344112891637771,-0.86742896,emerin_67-170
Y,0.044888683,1,0.8748124037852729,0.08956467,emerin_67-170
Q,-0.5224533,1,0.4390310423595312,0.2861785,emerin_67-170
S,-0.15616752,1,0.34497774452795016,0.48144108,emerin_67-170
I,1.250058,2,0.1753067010547068,-0.23935898,emerin_67-170
T,0.0005491227,1,0.3393465358143194,0.28990215,emerin_67-170
H,0.027470253,1,0.4481350264524119,0.18465702,emerin_67-170
Y,-0.22650273,1,0.9878636151153352,-0.1531575,emerin_67-170
R,-0.17548762,1,0.5051891250632674,-0.14997363,emerin_67-170
P,-0.6950273,0,0.7827638634571471,0.019474356,emerin_67-170
V,1.1822678,2,0.18325562070929935,-0.0607021,emerin_67-170
M,0.24557081,2,0.892682692051641,-0.7174196,UBact
I,0.94672185,2,0.230750431582745,-1.0959595,UBact
Q,-0.59671354,1,0.45083467540952876,0.126959,UBact
S,-0.43046892,1,0.2564409885543383,-0.10674387,UBact
L,0.9977419,2,0.27458824597053005,-0.3718452,UBact
M,0.19031562,1,0.7827454169319874,-0.81729263,UBact
P,-0.44715536,1,0.8069391740230883,0.3637268,UBact
E,0.6485153,2,0.5815453149470382,1.575139,UBact
R,0.84343475,2,0.49888741228732564,1.0766283,UBact
R,0.91711825,2,0.4542163303799385,1.1653303,UBact
E,0.78401667,2,0.5195009701173645,1.7390165,UBact
R,0.89050245,2,0.4795556709379404,1.1332896,UBact
P,0.4964139,2,0.7720879370209913,1.6741858,UBact
G,0.043077335,1,0.5906815533317055,0.89941937,UBact
D,0.56468815,2,0.6445016234279143,1.1671242,UBact
P,0.23861319,2,0.8690481901997924,1.316144,UBact
M,0.19843471,1,0.8329625008831134,-0.80261743,UBact
P,-0.09095821,1,0.9504823829331043,0.8584248,UBact
K,0.4244734,2,0.7634884382639846,1.0940977,UBact
S,-0.07367486,1,0.4768753908322411,0.65833026,UBact
P,0.49187994,2,0.7711065276280114,1.667889,UBact
S,-0.004404947,1,0.5210139649618574,0.8068658,UBact
P,0.024161227,1,0.9208911183257997,1.0183063,UBact
L,0.13163614,1,0.8891576696026006,-2.4954393,UBact
E,-0.2568907,0,0.9915999045319394,0.48012716,UBact
E,-0.2236103,1,0.9475760786397134,0.52037704,UBact
G,-0.010679692,1,0.5285026573773377,0.77082586,UBact
G,-0.18036284,1,0.4331936394727554,0.36492246,UBact
G,-0.041956976,1,0.4688780626127259,0.69600666,UBact
P,0.05640596,1,0.8943804234201592,1.0630888,UBact
R,0.8309233,2,0.5056704708609631,1.0615668,UBact
R,0.80092895,2,0.5528935752697041,1.0254589,UBact
P,-0.041009948,1,0.9290511014936347,0.9277944,UBact
E,0.70973897,2,0.6013379481529862,1.6491839,UBact
T,0.15087712,1,0.5691637902419284,0.64845294,UBact
G,0.04297903,1,0.627944347971514,0.8991843,UBact
S,0.2978714,1,0.6217264583760773,1.4550376,UBact
P,-0.5626562,0,0.9016987024958557,0.20331551,UBact
D,-0.011257514,1,0.8655455748533725,0.54317355,UBact
K,-0.9868998,0,0.680238564910104,-0.4144064,UBact
D,-0.2038271,1,0.9468389771961275,0.33455336,UBact
S,0.036385007,1,0.623394946576769,0.89433175,UBact
L,0.8022584,2,0.3814146773854635,-0.85114884,UBact
L,0.95329803,2,0.30926323727562366,-0.48081654,UBact
K,-0.56781214,0,0.9350448115538957,0.03352295,UBact
R,-0.61802757,1,0.39879108706792427,-0.68271327,UBact
M,0.76072806,2,0.32045959986646794,0.21371995,UBact
R,-0.59026414,1,0.4884903539079954,-0.64929104,UBact
R,0.5143801,2,0.7051449004172257,0.68050486,UBact
V,1.068874,2,0.28944464329823766,-0.3975973,UBact
D,0.01339291,1,0.7675771105656242,0.56987864,UBact
P,-0.839943,1,0.7539226128610402,-0.18178917,UBact
K,0.21893767,2,0.8723997610578461,0.87441707,UBact
Q,-0.5307912,1,0.43349049289161157,0.2683014,UBact
A,0.2692218,1,0.7624099133414876,0.038655158,UBact
E,0.6911375,2,0.589144578004505,1.6266869,UBact
R,0.09434475,1,0.6987979936546428,0.17485672,UBact
Y,-0.37378496,1,0.8736449015061235,-0.28488114,UBact
R,0.49419838,1,0.6708876415252698,0.65620965,UBact
Q,-0.17218606,1,0.3769717775462725,1.0371777,UBact
R,0.31895024,1,0.699982314824379,0.44524196,UBact
T,-0.09418245,1,0.3069605955180828,0.06395569,UBact
G,0.008887827,1,0.5258510236401217,0.8176338,UBact
E,0.23288828,1,0.8431200257077969,1.0724734,UBact
K,-0.36314994,0,0.9095797090978935,0.25227004,Nsp2_CtlIDR
E,-0.11914413,1,0.8948566692961931,0.64672,Nsp2_CtlIDR
I,0.94764537,2,0.3217619245427403,-1.0933516,Nsp2_CtlIDR
I,0.9989502,2,0.3652023248223061,-0.94847035,Nsp2_CtlIDR
F,0.8700994,2,0.3230800372743698,-0.31207967,Nsp2_CtlIDR
L,0.7128493,2,0.5607918347982147,-1.0703698,Nsp2_CtlIDR
E,-0.512118,0,0.8584509870224798,0.17145139,Nsp2_CtlIDR
G,-0.45418525,1,0.3378289835930224,-0.29009515,Nsp2_CtlIDR
E,-0.6841982,1,0.7728502125459715,-0.03666506,Nsp2_CtlIDR
T,0.22371608,1,0.5794497896889004,0.8221829,Nsp2_CtlIDR
L,0.86124337,2,0.35173367585870574,-0.70652425,Nsp2_CtlIDR
P,-0.34054178,1,0.7762348786403411,0.5117951,Nsp2_CtlIDR
T,-0.051036164,1,0.3388156285438785,0.16686489,Nsp2_CtlIDR
E,-0.4751885,1,0.7772598001309036,0.21611448,Nsp2_CtlIDR
V,0.9630597,2,0.33145535649620084,-0.71197367,Nsp2_CtlIDR
L,0.6183575,2,0.5726081362706381,-1.3020532,Nsp2_CtlIDR
T,0.16019525,1,0.574296535867605,0.6706779,Nsp2_CtlIDR
E,-0.5193696,1,0.7884190255262425,0.16268116,Nsp2_CtlIDR
E,-0.14028947,1,0.762066536701089,0.62114644,Nsp2_CtlIDR
V,0.9721827,2,0.2273445655480632,-0.68486917,Nsp2_CtlIDR
V,0.94115317,2,0.3131346474890225,-0.7770585,Nsp2_CtlIDR
L,1.0191703,2,0.2612198050421353,-0.31930515,Nsp2_CtlIDR
K,-0.39024115,1,0.8181397413365793,0.22331442,Nsp2_CtlIDR
T,-0.15889151,1,0.36421687347013676,-0.09038342,Nsp2_CtlIDR
G,-0.35971785,1,0.31527116201115485,-0.06411725,Nsp2_CtlIDR
D,0.28725594,1,0.8246752366916769,0.866568,Nsp2_CtlIDR
L,0.7480493,2,0.49637266261769153,-0.9840634,Nsp2_CtlIDR
Q,-0.20298131,1,0.5802104918337935,0.97115046,Nsp2_CtlIDR
P,-0.23655634,1,0.8432869125060061,0.6562134,Nsp2_CtlIDR
L,0.51861095,2,0.7210287691963266,-1.5466205,Nsp2_CtlIDR
E,0.25956526,1,0.8767302456025347,1.1047369,Nsp2_CtlIDR
Q,-0.3375057,1,0.5292287994147994,0.68272,Nsp2_CtlIDR
P,-0.31297916,1,0.8004848976331791,0.55007493,Nsp2_CtlIDR
T,0.1145691,1,0.4826949439932007,0.5618539,Nsp2_CtlIDR
S,-0.15782799,1,0.4424304114195428,0.47788054,Nsp2_CtlIDR
E,-0.44146425,1,0.8641341986607151,0.25690112,Nsp2_CtlIDR
A,-0.044393957,1,0.7441365142458952,-0.4909531,Nsp2_CtlIDR
V,0.98657364,2,0.25677210368095427,-0.6421134,Nsp2_CtlIDR
E,-0.46897972,1,0.8334306628407686,0.22362347,Nsp2_CtlIDR
A,0.37599146,2,0.7721745271802702,0.21895887,Nsp2_CtlIDR
P,-0.610097,1,0.764311967103392,0.13742825,Nsp2_CtlIDR
L,0.8282345,2,0.38842641861659494,-0.7874583,Nsp2_CtlIDR
V,1.1307312,2,0.1949758374874352,-0.21381827,Nsp2_CtlIDR
G,-0.47119707,1,0.25549101963585846,-0.33078957,Nsp2_CtlIDR
T,-0.14523001,1,0.36255177617480533,-0.057799045,Nsp2_CtlIDR
M,0.14593865,1,0.9317715299187991,-0.8975034,NHE1
I,0.87151414,2,0.41273058358622505,-1.308341,NHE1
N,-0.09336421,1,0.7078900688878983,0.6612259,NHE1
N,-0.45191246,1,0.6569649638975558,0.11513307,NHE1
Y,-0.008789375,1,0.9767610856576192,0.04155706,NHE1
L,1.0673833,2,0.23592148087537082,-0.20109226,NHE1
T,0.0511771,1,0.4493400999629527,0.41065612,NHE1
V,1.2598562,2,0.12559901247041633,0.16981472,NHE1
P,-0.46809632,1,0.8349666615872252,0.3346433,NHE1
A,0.2819528,2,0.8061073985018448,0.06015419,NHE1
H,0.25725704,1,0.679667753465384,0.6068361,NHE1
K,0.3337442,2,0.8195886616333852,0.9971246,NHE1
L,0.79131407,2,0.5153595624555626,-0.87798303,NHE1
D,0.56961423,2,0.7094636659929893,1.1724608,NHE1
S,-0.28775775,1,0.47415843469416563,0.19927192,NHE1
P,-0.07634574,1,0.9054887038533661,0.878719,NHE1
T,0.32456863,1,0.6008055488841869,1.0627286,NHE1
M,0.25601628,1,0.8202323911069718,-0.69853956,NHE1
S,-0.07350153,1,0.45466308894295987,0.6587019,NHE1
R,-0.10119867,1,0.537533479296166,-0.0605429,NHE1
A,0.05925654,1,0.7822570180511424,-0.31591675,NHE1
R,0.32142836,1,0.747081881769036,0.44822517,NHE1
I,1.1050333,2,0.2668940918174625,-0.64889896,NHE1
G,-0.36598563,1,0.33822382061316786,-0.079110585,NHE1
S,-0.3157068,1,0.3169275785887641,0.13934076,NHE1
D,-0.5314988,1,0.821235990584629,-0.020429697,NHE1
P,-0.35481048,1,0.7627206830359422,0.4919783,NHE1
L,0.84432155,2,0.427050512558701,-0.7480146,NHE1
A,-0.17395924,1,0.793340558438841,-0.70975214,NHE1
Y,-0.39280015,1,0.9220779894563669,-0.3018876,NHE1
E,0.031297743,1,0.8727960358218644,0.8286667,NHE1
P,-0.35199237,1,0.7529532479638998,0.49589217,NHE1
K,0.5892207,2,0.6255760854134419,1.270183,NHE1
E,-0.49155992,1,0.8856144176463436,0.19631462,NHE1
D,0.55911547,2,0.6290885750762709,1.161087,NHE1
L,1.0911455,2,0.19749574133321687,-0.14282995,NHE1
P,-0.50199354,1,0.6257584347400938,0.28756577,NHE1
V,1.1492931,2,0.1900055162285137,-0.15867066,NHE1
I,1.4617645,2,0.0552179233582896,0.35848537,NHE1
T,-0.025088891,1,0.3099597292366154,0.22875233,NHE1
I,1.4039521,2,0.07382643884882306,0.19522731,NHE1
D,-0.25542003,1,0.8879162184593552,0.27866018,NHE1
P,-0.15289359,1,0.7080577695033939,0.7724069,NHE1
A,-0.074586496,1,0.8602486008992891,-0.54193974,NHE1
S,0.08690072,1,0.614141518502852,1.0026526,NHE1
P,-0.10096438,1,0.8855794777575118,0.84452784,NHE1
Q,0.021863036,1,0.6320961182400968,1.4532336,NHE1
S,-0.047414675,1,0.5610952258826054,0.71464,NHE1
P,-0.16158657,1,0.9081488012903612,0.7603338,NHE1
E,-0.46904844,1,0.8847846495410733,0.22354035,NHE1
S,-0.07635324,1,0.5275960106657402,0.65258694,NHE1
V,1.1033303,2,0.2070189362739724,-0.2952271,NHE1
D,-0.40412647,1,0.9063993653969101,0.11755908,NHE1
L,0.9535143,2,0.35441113473114527,-0.48028633,NHE1
V,1.0302047,2,0.19453640327999194,-0.5124847,NHE1
N,-0.5860071,1,0.7090602296368502,-0.089102015,NHE1
E,-0.30511838,1,0.8676662741929048,0.42179987,NHE1
E,0.39632803,2,0.78348512259089,1.2701399,NHE1
L,0.9380812,2,0.3246176365281565,-0.5181265,NHE1
K,0.2946808,2,0.8369936634298435,0.9553728,NHE1
G,-0.2289434,1,0.2982987041024478,0.24871166,NHE1
K,-0.49296367,1,0.9077430862458201,0.11352251,NHE1
V,1.0519469,2,0.21955764978796113,-0.44788814,NHE1
L,0.9104539,2,0.36834596536367037,-0.5858655,NHE1
G,-0.2979049,1,0.3314018073187521,0.08374706,NHE1
L,1.05538,2,0.21599924726655467,-0.23052302,NHE1
S,-0.08295515,1,0.42244319450040313,0.6384305,NHE1
R,0.0405692,1,0.6129208468276541,0.1101205,NHE1
D,0.098886915,1,0.8431958734788946,0.6624985,NHE1
P,-0.18275653,1,0.8325613432153764,0.73093224,NHE1
A,-0.033752814,1,0.7568000537680049,-0.47298318,NHE1
K,0.6368251,2,0.6029546233197736,1.3210636,NHE1
V,0.9088393,2,0.3104570801076114,-0.8730637,NHE1
A,-0.16896014,1,0.8048912299489652,-0.7013101,NHE1
E,-0.28662527,1,0.9354643072378208,0.44416574,NHE1
E,-0.13078089,1,0.8671167847610898,0.6326463,NHE1
D,-0.025147647,1,0.9153367610912533,0.5281257,NHE1
E,-0.10959993,1,0.9343500286092056,0.65826285,NHE1
D,0.12882623,1,0.8784211951603325,0.69493324,NHE1
D,0.20202488,2,0.8512409999003676,0.774233,NHE1
D,-0.36155444,1,0.9004010437053591,0.16367947,NHE1
G,-0.14034797,1,0.3890751666301146,0.46064305,NHE1
G,-0.25287485,1,0.310587833418302,0.19146462,NHE1
I,0.9930085,2,0.33158204072045916,-0.9652493,NHE1
M,0.31763577,1,0.8112648299185439,-0.5871632,NHE1
M,0.4483441,2,0.7835518556083794,-0.35090968,NHE1
R,0.30184162,1,0.749556483119205,0.4246462,NHE1
S,-0.18186687,1,0.43141395670349103,0.42633393,NHE1
K,-0.5023337,0,0.9064223692988739,0.10350763,NHE1
E,-0.14528926,1,0.9504463579545572,0.61509967,NHE1
T,0.162591,1,0.5680636720340975,0.676392,NHE1
S,0.049398966,1,0.6439815399273833,0.92223763,NHE1
S,0.111725174,1,0.5939935184151517,1.0558839,NHE1
P,0.055147402,1,0.9232097380293981,1.0613408,NHE1
G,0.019086577,1,0.5030191083961759,0.84203047,NHE1
T,0.07899128,1,0.5002800164279088,0.47699636,NHE1
D,-0.50138247,1,0.8769556187363972,0.01219681,NHE1
D,-0.059590906,1,0.8738392410741291,0.4908116,NHE1
V,1.0248247,2,0.2924716909496957,-0.52846855,NHE1
F,0.51063293,2,0.7357137223490209,-0.98160475,NHE1
T,-0.15600888,1,0.3337150558282598,-0.083507985,NHE1
P,-0.2682897,1,0.8596979178687874,0.61214113,NHE1
A,0.17456132,1,0.8160384108484647,-0.12119961,NHE1
P,0.055454448,1,0.9127973256305967,1.0617672,NHE1
S,-0.03869824,1,0.5483665809775793,0.7333306,NHE1
D,0.45081735,2,0.8070588594186832,1.0437622,NHE1
S,0.18671627,1,0.6696285034196654,1.2166873,NHE1
P,0.23645636,1,0.89093965818751,1.3131485,NHE1
S,0.18307933,1,0.5674894425567742,1.2088888,NHE1
S,0.022806488,1,0.47914995589339926,0.86521536,NHE1
Q,-0.45460463,1,0.5848965602781774,0.43165115,NHE1
R,0.5449763,2,0.7036169313346621,0.71733725,NHE1
I,1.1222895,2,0.21184032896947247,-0.60016847,NHE1
Q,-0.4152577,1,0.48710024547375735,0.5160139,NHE1
R,-0.014384598,1,0.5207785004936428,0.043965865,NHE1
C,1.5049564,2,0.14189476774181398,-0.0923476,NHE1
L,0.76361203,2,0.5254448203052088,-0.9459053,NHE1
S,-0.15053202,1,0.43224923163906637,0.4935253,NHE1
D,-0.395815,1,0.7625472314449555,0.1265633,NHE1
P,-0.62913007,1,0.7859546240193972,0.11099452,NHE1
G,0.043113314,1,0.8495997474515293,0.8995055,p61_Hck
G,-0.050435826,1,0.6680983099031855,0.6757242,p61_Hck
R,0.23444867,1,0.7742945754659732,0.34351704,p61_Hck
S,-0.106958926,1,0.5096751572186404,0.5869591,p61_Hck
S,0.006367922,1,0.5381139480393521,0.8299661,p61_Hck
C,1.2178518,2,0.208591448289348,-0.50490916,p61_Hck
E,-0.17309944,1,0.9684239073392801,0.5814656,p61_Hck
D,-0.32023937,1,0.9596385869685325,0.20843816,p61_Hck
P,-0.27154744,1,0.7585377164380452,0.60761666,p61_Hck
G,-0.13803686,1,0.5497653701295395,0.4661715,p61_Hck
C,1.2042054,2,0.2583226968840814,-0.5245186,p61_Hck
P,-0.28815818,1,0.8345381596586634,0.5845471,p61_Hck
R,0.6061001,2,0.6159126561906086,0.7909195,p61_Hck
D,0.0644729,1,0.9300380990986482,0.6252161,p61_Hck
E,0.5929577,2,0.6644335278988178,1.5079468,p61_Hck
E,0.17728448,1,0.8826291188216807,1.0052253,p61_Hck
R,0.8657135,2,0.4536187986009798,1.103448,p61_Hck
A,-0.1673329,1,0.7755770972549418,-0.69856215,p61_Hck
P,0.08525288,1,0.8089444740714011,1.1031523,p61_Hck
R,0.59124184,2,0.6553716181596468,0.7730328,p61_Hck
M,0.14617899,2,0.9028217703511647,-0.8970689,p61_Hck
G,-0.07455854,1,0.4828412140868197,0.61801964,p61_Hck
C,1.2994796,2,0.23529961595954707,-0.38761216,p61_Hck
M,0.45484382,2,0.7574110677866758,-0.33916155,p61_Hck
K,-0.6651697,0,0.7946610583678442,-0.07053479,p61_Hck
S,-0.27217722,1,0.2609798103243595,0.23268129,p61_Hck
K,-0.6980113,0,0.7876285919231509,-0.105636515,p61_Hck
F,0.7695137,2,0.465491389102383,-0.49942577,p61_Hck
L,0.86229557,2,0.4451560754025834,-0.7039444,p61_Hck
Q,-0.41727155,1,0.6267444557643637,0.51169604,p61_Hck
V,1.1090678,2,0.2281234836365515,-0.27818075,p61_Hck
G,-0.082450315,1,0.4572113407575531,0.59914154,p61_Hck
G,-0.24018647,1,0.3428132618184066,0.22181682,p61_Hck
N,-0.29459316,1,0.7246927373834078,0.35474083,p61_Hck
T,0.07648422,1,0.44318313815502863,0.47101673,p61_Hck
F,0.47177762,2,0.7711636576015206,-1.0539747,p61_Hck
S,0.09720217,1,0.5068033045237095,1.0247421,p61_Hck
K,-0.47641444,0,0.9008724609321601,0.13121065,p61_Hck
T,0.03690339,1,0.4615763854096731,0.37661156,p61_Hck
E,0.105082326,1,0.8836102569422318,0.9179029,p61_Hck
T,0.03405071,1,0.48782855769064953,0.36980757,p61_Hck
S,0.0061928034,1,0.5108500923623396,0.8295906,p61_Hck
A,-0.11938326,1,0.7379817226174016,-0.61758876,p61_Hck
S,-0.038523182,1,0.4665560248765245,0.733706,p61_Hck
P,-0.27122843,1,0.7214240673796011,0.6080597,p61_Hck
H,0.123603776,1,0.5944097588299309,0.3612797,p61_Hck
C,1.5730444,2,0.08169767964342341,0.005493094,p61_Hck
P,-0.38137925,1,0.7310323197904126,0.45507875,p61_Hck
V,1.1708881,2,0.18531630102395547,-0.09451147,p61_Hck
Y,-0.32742703,1,0.9709394708262006,-0.24342036,p61_Hck
V,1.0733565,2,0.2602095865172149,-0.3842797,p61_Hck
P,-0.50409603,1,0.8010660174301942,0.28464577,p61_Hck
D,-0.40221375,1,0.8820225536708424,0.119631216,p61_Hck
P,-0.40494722,1,0.7773196970831867,0.42234677,p61_Hck
T,0.27908474,1,0.5384443578576531,0.95424396,p61_Hck
S,-0.08536352,1,0.43381496184372154,0.63326627,p61_Hck
T,0.33850843,1,0.6066101820615615,1.0959767,p61_Hck
I,0.92692864,2,0.4082022329319563,-1.1518543,p61_Hck
K,-0.35547608,1,0.9625926352093955,0.26047203,p61_Hck
P,-0.52688956,1,0.8128681042273476,0.25298938,p61_Hck
G,-0.09686126,1,0.4782848681178968,0.5646687,p61_Hck
P,-0.41908568,1,0.8471336640556253,0.40271086,p61_Hck
N,0.38945428,2,0.7798858800053249,1.3965906,p61_Hck
S,0.16555564,1,0.6112530639352775,1.1713127,p61_Hck
H,0.36126655,1,0.7144228515187077,0.79792905,p61_Hck
N,0.39798945,2,0.7794362188273152,1.4095902,p61_Hck
S,0.0281972,1,0.49911218862184475,0.87677467,p61_Hck
N,0.07969745,1,0.8485951713931283,0.9248103,p61_Hck
T,0.03504415,1,0.43980275816503434,0.37217706,p61_Hck
P,-0.28758955,1,0.8478185726839065,0.58533686,p61_Hck
G,-0.35249853,1,0.3994114328581467,-0.046847746,p61_Hck
I,0.9375116,2,0.3784296769604723,-1.1219686,p61_Hck
R,0.27446377,1,0.7264570390059581,0.39168814,p61_Hck
E,-0.7981204,0,0.7565192325496918,-0.17444429,p61_Hck
A,0.0034535974,1,0.809254050167169,-0.4101521,p61_Hck
G,-0.42196506,1,0.39569822872523486,-0.21302041,p61_Hck
S,-0.26982462,1,0.35738655923939916,0.23772596,p61_Hck
E,-0.7172746,0,0.7888412339344558,-0.07666817,p61_Hck
G,0.10962682,1,0.9015173840044334,1.0586141,ACTR
T,0.25393555,1,0.7967934224218156,0.89426,ACTR
Q,-0.025673285,1,0.7990076564948045,1.3513122,ACTR
N,0.27591679,1,0.8206311615773351,1.2236655,ACTR
R,0.22533175,1,0.729908926408189,0.33254188,ACTR
P,-0.35844868,1,0.9500631042671223,0.48692542,ACTR
L,0.40652758,2,0.7717483581945962,-1.8214364,ACTR
L,0.47608405,2,0.7538085699319649,-1.6508918,ACTR
R,0.34795702,1,0.7438210786656649,0.48016095,ACTR
N,-0.15383388,1,0.5690820287318825,0.5691266,ACTR
S,-0.09631221,1,0.5873509789596423,0.6097889,ACTR
L,1.0713577,2,0.24011003568530143,-0.19134739,ACTR
D,-0.46245253,1,0.8698877783669859,0.05437155,ACTR
D,-0.2916183,1,0.8793344609191932,0.23944479,ACTR
L,1.1049162,2,0.24019524235519335,-0.10906574,ACTR
V,1.0398458,2,0.30106554724018303,-0.4838406,ACTR
G,-0.25617456,1,0.36561712749321257,0.18357128,ACTR
P,-0.4279918,1,0.7500657157225832,0.39034173,ACTR
P,-0.5185369,1,0.8552572967179984,0.2645898,ACTR
S,-0.08531599,1,0.4990451300774408,0.63336813,ACTR
N,0.36272526,2,0.777211025348202,1.3558805,ACTR
L,0.75480926,2,0.5736592084233386,-0.96748877,ACTR
E,-0.11758168,1,0.9973389440360255,0.64860964,ACTR
G,-0.124647275,1,0.48672805970141825,0.49820107,ACTR
Q,-0.0980766,1,0.5742831350096214,1.196074,ACTR
S,-0.2105944,1,0.4146670889465895,0.36473343,ACTR
D,-0.2813118,1,0.9033926903048564,0.25061032,ACTR
E,-1.2906915,0,0.6048244499171344,-0.77016735,ACTR
R,0.50035536,2,0.6825594090476187,0.66362154,ACTR
A,0.17550321,1,0.7981150616950198,-0.11960902,ACTR
L,0.9321702,2,0.29759320589681926,-0.5326196,ACTR
L,1.2462542,2,0.1335118800192189,0.23747918,ACTR
D,-0.29871935,1,0.6319476237125615,0.23175186,ACTR
Q,-0.7179134,1,0.36814082915299773,-0.13290256,ACTR
L,1.3899041,2,0.04966764199198611,0.5896927,ACTR
H,0.023294412,1,0.4933496026709371,0.17698489,ACTR
T,0.34699416,1,0.5666258196523873,1.1162163,ACTR
L,1.220348,2,0.18738176929698025,0.17396006,ACTR
L,1.1172932,2,0.20917448055698637,-0.07871866,ACTR
S,-0.22017588,1,0.3870721723974468,0.34418786,ACTR
N,-0.31049162,1,0.5476317039679097,0.3305264,ACTR
T,-0.12530477,1,0.2962074106941995,-0.010274898,ACTR
D,-0.20704992,1,0.9073987330246778,0.33106193,ACTR
A,0.2300364,1,0.8384592398537789,-0.027517918,ACTR
T,0.3445631,1,0.6030797884184305,1.1104178,ACTR
G,-0.17563827,1,0.360065998400569,0.37622422,ACTR
L,1.0579805,2,0.19506556084326696,-0.22414675,ACTR
E,-0.64750797,1,0.8381024081009109,0.007708671,ACTR
E,-0.4341632,1,0.8475219634102362,0.26573107,ACTR
I,1.3670573,2,0.06110635258892619,0.09103893,ACTR
D,-1.5285112,0,0.43349486037771556,-1.1005429,ACTR
R,0.52857214,1,0.6841902446351903,0.6975896,ACTR
A,0.3651086,2,0.7774129605442145,0.2005808,ACTR
L,1.1586851,2,0.1795957622995147,0.022769513,ACTR
G,-0.17227452,1,0.4022506786071336,0.38427073,ACTR
I,1.5171443,2,0.06951591995489559,0.5148743,ACTR
P,-0.6952556,1,0.7573289807497153,0.019157305,ACTR
E,-0.55281806,1,0.8306125220867437,0.12222809,ACTR
L,1.0108926,2,0.30936675483446086,-0.33960104,ACTR
V,0.9655636,2,0.3509113677452279,-0.70453465,ACTR
N,-0.21853058,1,0.6289800661047434,0.4705892,ACTR
Q,-0.51347643,1,0.402016380610363,0.30542558,ACTR
G,-0.28357393,1,0.38310866519446407,0.11802857,ACTR
Q,-0.3641603,1,0.57845698685391,0.6255706,ACTR
A,-0.35048825,1,0.7646339674763997,-1.0078597,ACTR
L,0.42524135,2,0.7744171363493135,-1.7755523,ACTR
E,0.2271482,1,0.8784894473034233,1.0655313,ACTR
P,-0.47695845,1,0.7643544483657451,0.3223353,ACTR
K,0.6155857,2,0.5915867351721873,1.2983624,ACTR
Q,-0.14948161,1,0.6121131060436039,1.0858577,ACTR
D,0.47127348,2,0.7683560422177339,1.0659235,ACTR
A,0.17440867,1,0.9209893189450321,-0.12145738,Hug1
M,-0.03252715,1,0.8637623926697763,-1.2200778,Hug1
A,0.04959584,1,0.8555551538448413,-0.3322309,Hug1
D,-0.52424073,1,0.8014365213134746,-0.012566683,Hug1
P,-0.5787269,1,0.79257893396769,0.18099606,Hug1
M,0.32706892,2,0.7896925953250601,-0.5701129,Hug1
T,0.20528428,1,0.5716993736340958,0.7782207,Hug1
M,0.23654678,1,0.821108329779627,-0.73373044,Hug1
D,-0.21381082,1,0.9253951087159606,0.3237375,Hug1
Q,-0.4987077,1,0.49282778302686164,0.33709085,Hug1
G,-0.21618952,1,0.4462242105910566,0.27922052,Hug1
L,0.59671825,2,0.6565800825755479,-1.3551102,Hug1
N,0.1912741,1,0.7605712830734409,1.094749,Hug1
P,-0.72418773,1,0.7202236868820788,-0.021024592,Hug1
K,-0.5725051,0,0.8705489777849884,0.028507005,Hug1
Q,-0.45233166,1,0.5427363217174493,0.43652457,Hug1
F,0.7334948,2,0.5536135322957886,-0.5665129,Hug1
F,0.4583019,2,0.7378404439364729,-1.079074,Hug1
L,0.99957454,2,0.2945532999322352,-0.3673517,Hug1
D,-0.7298446,0,0.7514181172892154,-0.23530762,Hug1
D,-0.7836537,0,0.738956133181718,-0.29360163,Hug1
V,1.2342685,2,0.18940877113959856,0.09379321,Hug1
V,1.0327717,2,0.2940529108100364,-0.50485796,Hug1
L,1.2276155,2,0.13808781185750246,0.19177909,Hug1
Q,-0.6036768,1,0.41330904491343784,0.112029254,Hug1
D,-1.203617,0,0.6265940623298266,-0.7485688,Hug1
T,-0.17800231,1,0.2806844698816417,-0.13596502,Hug1
L,1.2327049,2,0.14091896012448918,0.20425774,Hug1
C,1.5061115,2,0.13512888071292076,-0.0906877,Hug1
S,0.084432125,1,0.5184691040526244,0.99735934,Hug1
M,0.73371905,2,0.4915593131497059,0.16490154,Hug1
S,-0.36625904,1,0.3763513503743215,0.030941477,Hug1
N,-0.38025278,1,0.6313713325647794,0.22427553,Hug1
R,0.15869366,1,0.7027865664300483,0.2523214,Hug1
V,1.0783978,2,0.24339419534479376,-0.36930206,Hug1
N,-0.07628895,1,0.7770840698515149,0.6872327,Hug1
K,-1.0374333,0,0.6661732522393172,-0.46841758,Hug1
S,0.0052546114,1,0.490320954512149,0.82757884,Hug1
V,0.9695603,2,0.29380537471873946,-0.6926603,Hug1
K,-0.62463677,0,0.8527893144150926,-0.027212359,Hug1
T,-0.2360553,1,0.2328580013367224,-0.27442855,Hug1
G,-0.39424527,1,0.2814812241323248,-0.14671119,Hug1
Y,-0.034782097,1,0.9610237039900803,0.018310154,Hug1
L,0.66435343,2,0.6408142715574688,-1.1892763,Hug1
F,0.6786772,2,0.5832460845667593,-0.66861355,Hug1
P,-0.7807514,0,0.7502892984584155,-0.099582024,Hug1
K,-0.54038167,1,0.8097425575569854,0.06284119,Hug1
D,-0.44795793,1,0.8490759746459664,0.07007427,Hug1
H,0.3204872,1,0.6952024946285954,0.7230066,Hug1
V,0.66402406,2,0.5622294701619818,-1.6004148,Hug1
P,-0.37765062,1,0.7854548316965417,0.46025717,Hug1
S,-0.2192394,1,0.3432468636686302,0.34619594,Hug1
A,0.3642,2,0.8026383666821126,0.19904642,Hug1
N,-0.64940083,1,0.5973418340040596,-0.18565485,Hug1
I,1.3295999,2,0.10005799442520928,-0.014738386,Hug1
I,1.1434084,2,0.2242472719011626,-0.5405302,Hug1
A,-0.04886572,1,0.6753613579123745,-0.4985046,Hug1
V,1.1445559,2,0.19230905318506966,-0.1727448,Hug1
E,-0.5690518,0,0.8011235814395896,0.102594756,Hug1
R,-0.25231355,1,0.4354018784250674,-0.24245843,Hug1
R,0.18492973,1,0.7056380736928178,0.283905,Hug1
G,-0.22024657,1,0.43509661556091783,0.26951557,Hug1
G,-0.287221,1,0.41060969435599265,0.10930427,Hug1
L,0.52090293,2,0.7527029720210718,-1.5410008,Hug1
S,-0.22144581,1,0.505253742155812,0.34146473,Hug1
D,0.41893524,2,0.8010820767579804,1.0092227,Hug1
I,1.0729828,2,0.3426070133907758,-0.73940736,Hug1
G,-0.039174795,1,0.49989280216301313,0.702662,Hug1
K,-0.24594532,1,0.9211148638250893,0.3775407,Hug1
N,0.064605184,1,0.7997725362351015,0.9018238,Hug1
T,0.084215604,1,0.5087206580505994,0.48945704,Hug1
S,-0.10766111,1,0.49926751921458623,0.5854534,Hug1
N,-0.08397964,1,0.8659093511804182,0.6755192,Hug1
M,0.10822891,1,0.9753427648907841,-0.96566314,PaaA2
D,0.24647674,2,0.903310114977524,0.8223899,PaaA2
Y,-0.5536918,0,0.8526387039626125,-0.445783,PaaA2
K,0.6587904,2,0.6232437935794312,1.3445405,PaaA2
D,0.23578736,2,0.8749835766878575,0.81080955,PaaA2
D,0.73506707,2,0.5728702939458484,1.3517041,PaaA2
D,0.77874446,2,0.5708590801585873,1.3990221,PaaA2
D,0.3832845,2,0.7800512476779327,0.9706006,PaaA2
K,0.4041661,2,0.770616609621565,1.0723928,PaaA2
N,-0.15388836,1,0.6469015163511866,0.56904364,PaaA2
R,0.6775915,2,0.5549094549427408,0.87698245,PaaA2
A,-0.26179546,1,0.7915210800042689,-0.85808265,PaaA2
L,0.7312673,2,0.5497898931571047,-1.0252111,PaaA2
S,-0.228691,1,0.33448156320312955,0.32592887,PaaA2
P,-0.52535534,1,0.7551066085038619,0.25512016,PaaA2
M,0.46270794,2,0.7666630852439628,-0.32494727,PaaA2
V,0.94397044,2,0.3456414939067835,-0.7686883,PaaA2
S,-0.26608026,1,0.3006412771615108,0.245755,PaaA2
E,-0.40840554,1,0.7847997087809448,0.2968828,PaaA2
F,1.0652924,2,0.29268211697273033,0.05147736,PaaA2
E,-0.50352263,1,0.8278982786729564,0.18184674,PaaA2
T,0.44579238,1,0.7018703709289564,1.3518623,PaaA2
I,0.9214924,2,0.4607886102763839,-1.1672058,PaaA2
E,-0.776431,0,0.8711793606550771,-0.14821285,PaaA2
Q,-0.38772374,1,0.3902199091524862,0.5750488,PaaA2
E,-1.1548938,0,0.644874568763054,-0.60593146,PaaA2
N,-0.6070895,1,0.5228365901566038,-0.12121191,PaaA2
S,0.062124148,1,0.591804729695986,0.9495242,PaaA2
Y,-0.3168928,1,0.8642817166075066,-0.23399895,PaaA2
N,-0.7564484,1,0.6597364457938238,-0.3486954,PaaA2
E,-0.33491355,1,0.852256969400779,0.38576514,PaaA2
W,-0.30625445,1,0.8506300943906682,-0.4752555,PaaA2
L,0.96946174,2,0.23318534577657782,-0.44118494,PaaA2
R,0.11811079,1,0.6486605552886179,0.20346682,PaaA2
A,0.28244042,1,0.6913971392516138,0.06097765,PaaA2
K,-1.2081635,0,0.5833027805043823,-0.6508975,PaaA2
V,1.0551801,2,0.13344566241934427,-0.43828225,PaaA2
A,0.60143703,2,0.6903805186973733,0.59967256,PaaA2
T,-0.19783653,1,0.2891760293392215,-0.1832721,PaaA2
S,-0.54043186,1,0.31654058134181146,-0.34253758,PaaA2
L,0.9084167,2,0.3927103528124982,-0.59086055,PaaA2
A,0.04704801,1,0.7399136706009619,-0.33653346,PaaA2
D,0.013742223,1,0.7520540883713377,0.570257,PaaA2
P,0.39635646,1,0.8004175135618605,1.5352228,PaaA2
R,0.7828496,2,0.6110351779204504,1.0036945,PaaA2
P,0.09050971,1,0.7267565780218597,1.1104531,PaaA2
A,-0.24964274,1,0.67186943069965,-0.8375602,PaaA2
I,0.99949664,2,0.31668747536201675,-0.9469272,PaaA2
P,-0.6121692,1,0.8070666720646331,0.1345503,PaaA2
H,-0.2185363,1,0.36404491387750865,-0.26732203,PaaA2
D,-0.053084686,1,0.8678026699701147,0.49786013,PaaA2
E,0.5162292,2,0.7030288669634691,1.4151503,PaaA2
V,0.94123226,2,0.23985352047661057,-0.7768235,PaaA2
E,-0.66857815,1,0.7987435456581068,-0.01777393,PaaA2
R,0.9719221,2,0.4252472562153723,1.2313044,PaaA2
R,0.48779726,2,0.695383975883475,0.64850384,PaaA2
M,0.53898424,2,0.5645085383454582,-0.18707892,PaaA2
A,0.044077076,1,0.7339043895032866,-0.34155053,PaaA2
E,0.32855493,1,0.7120791662426866,1.1881741,PaaA2
R,-0.77792275,1,0.49973123230440875,-0.8751988,PaaA2
F,0.69194764,2,0.4427082215138959,-0.64389664,PaaA2
A,-0.16536702,1,0.6431681566768136,-0.69524235,PaaA2
K,-0.2332109,2,0.9817715959268701,0.3911515,PaaA2
M,0.28630626,2,0.7555434113687456,-0.64379084,PaaA2
R,0.042395093,1,0.5584591089283178,0.11231855,PaaA2
K,-0.9708546,0,0.71194336726482,-0.39725694,PaaA2
E,0.6540362,2,0.6250657134658626,1.5818162,PaaA2
R,0.15559167,1,0.7435693378517213,0.24858718,PaaA2
S,0.16101621,1,0.6353399396894238,1.1615788,PaaA2
K,0.5943099,2,0.6580395282425919,1.2756224,PaaA2
Q,0.114958875,1,0.6685147673359078,1.652838,PaaA2
R,0.018163294,1,0.9191785212281822,0.08314776,Nt-SOCS5
S,0.16396634,1,0.7712189971769996,1.1679047,Nt-SOCS5
L,0.86581063,2,0.4081261681429155,-0.69532585,Nt-SOCS5
R,-0.023386672,1,0.5920124701219752,0.033128962,Nt-SOCS5
Q,-0.26859254,1,0.5438264028454141,0.83047503,Nt-SOCS5
R,0.29313058,1,0.6540643020706843,0.41415966,Nt-SOCS5
L,0.96045524,2,0.25575835861445917,-0.46326786,Nt-SOCS5
Q,-0.41925657,1,0.5317242887419874,0.50744003,Nt-SOCS5
D,0.14636686,1,0.7913864746250892,0.7139359,Nt-SOCS5
T,-0.1843086,1,0.3258926983253325,-0.15100631,Nt-SOCS5
V,1.0999167,2,0.19664044649239473,-0.30536884,Nt-SOCS5
G,-0.14847632,1,0.36350348123682963,0.441199,Nt-SOCS5
L,1.0629925,2,0.27095162204427375,-0.21185811,Nt-SOCS5
C,1.388068,2,0.15112775543821935,-0.2603131,Nt-SOCS5
F,0.99576926,2,0.3256752734736344,-0.07801303,Nt-SOCS5
P,-0.7433535,0,0.7642842430611668,-0.0476426,Nt-SOCS5
M,0.6050037,2,0.6608973290257101,-0.067749634,Nt-SOCS5
R,-0.21624814,1,0.45439962916009125,-0.19904208,Nt-SOCS5
T,0.14921933,1,0.4642659430324379,0.64449894,Nt-SOCS5
Y,-1.0176518,0,0.567094795427329,-0.86073124,Nt-SOCS5
S,0.113407865,1,0.6093781374162548,1.059492,Nt-SOCS5
K,-0.5365025,0,0.8859210097453944,0.06698735,Nt-SOCS5
Q,-0.18301885,1,0.5761895291303869,1.0139514,Nt-SOCS5
S,0.04937108,1,0.5458311603488692,0.9221778,Nt-SOCS5
K,-0.5900336,0,0.8772733330050295,0.009772218,Nt-SOCS5
P,-0.25991976,1,0.9006706884996047,0.6237655,Nt-SOCS5
L,0.3379261,1,0.8091724514205804,-1.9896395,Nt-SOCS5
F,0.31075504,2,0.8035266211230362,-1.3538878,Nt-SOCS5
S,-0.11320205,1,0.5624813737393827,0.57357204,Nt-SOCS5
N,-0.28057027,1,0.7153925961972484,0.37609863,Nt-SOCS5
K,-0.8018518,0,0.7478043887559513,-0.21662337,Nt-SOCS5
R,-0.04388979,1,0.5787854435107236,0.008446841,Nt-SOCS5
K,-0.58702296,0,0.8457889666259715,0.012990041,Nt-SOCS5
I,1.053325,2,0.2759588770443789,-0.79491943,Nt-SOCS5
H,0.3209486,1,0.7014835906999468,0.7238543,Nt-SOCS5
L,1.135852,2,0.15508334148628056,-0.03321471,Nt-SOCS5
S,-0.45847374,1,0.437439378510681,-0.16679467,Nt-SOCS5
E,-0.6777042,0,0.7641881041123935,-0.028811136,Nt-SOCS5
L,1.1217763,2,0.20801080321908325,-0.0677266,Nt-SOCS5
M,0.46925002,2,0.6867887089763578,-0.31312254,Nt-SOCS5
L,0.8711118,2,0.3896444860764762,-0.6823279,Nt-SOCS5
E,-0.727545,0,0.7679190223349072,-0.08908937,Nt-SOCS5
K,-0.70907825,0,0.7762935277394517,-0.11746512,Nt-SOCS5
C,1.3587707,2,0.12359704907297799,-0.30241242,Nt-SOCS5
P,-0.21628515,1,0.7643974179184699,0.68436664,Nt-SOCS5
F,0.97781473,2,0.36683280775572025,-0.11145428,Nt-SOCS5
P,-0.5043225,0,0.848573903634709,0.2843312,Nt-SOCS5
A,-0.03789039,1,0.7050378020623281,-0.4799704,Nt-SOCS5
G,-0.26075023,1,0.40320186825154314,0.1726257,Nt-SOCS5
S,-0.522229,1,0.21864422126564317,-0.3035052,Nt-SOCS5
D,0.10610757,1,0.8287730780014105,0.67032105,Nt-SOCS5
L,0.9108595,2,0.348079473479062,-0.584871,Nt-SOCS5
A,0.16977054,1,0.7587070989425996,-0.12928988,Nt-SOCS5
Q,-0.6364048,1,0.44595931306431524,0.04185793,Nt-SOCS5
K,-1.1997267,0,0.6035185986992875,-0.6418801,Nt-SOCS5
W,0.36009222,2,0.8315924123541223,0.20771796,Nt-SOCS5
H,0.055816263,1,0.5246260658605485,0.23673613,Nt-SOCS5
L,0.81616944,2,0.46295173662378336,-0.81704044,Nt-SOCS5
I,1.227983,2,0.1559273378304424,-0.3016974,Nt-SOCS5
K,-1.1735978,0,0.6427500173550326,-0.613953,Nt-SOCS5
Q,-0.5057102,1,0.385351816908365,0.322077,Nt-SOCS5
H,-0.13407867,1,0.4294637520854713,-0.11215105,Nt-SOCS5
T,-0.0736251,1,0.39064781428170464,0.11298749,Nt-SOCS5
A,-0.14112632,1,0.8758810543913609,-0.65430665,Nt-SOCS5
P,-0.2414053,1,0.9663548582701948,0.649479,Nt-SOCS5
V,0.70674765,2,0.5715866870671645,-1.473482,Nt-SOCS5
S,-0.23202439,1,0.4699351570133462,0.31878108,Nt-SOCS5
P,-0.5159591,1,0.7479459929637947,0.26816997,Nt-SOCS5
H,0.090749554,1,0.5337034923826478,0.30091783,Nt-SOCS5
S,-0.077092946,1,0.42419067723236675,0.6510008,Nt-SOCS5
D,0.013016045,1,0.9461832574811873,0.56947035,Ab40
A,0.40327215,2,0.8366714460388928,0.26502824,Ab40
E,-0.24888168,1,0.9179631122381035,0.4898134,Ab40
F,0.8390479,2,0.43408037478807765,-0.3699147,Ab40
R,0.7357401,2,0.5406360763190501,0.9469831,Ab40
H,-0.001032412,1,0.5828053753789006,0.13229008,Ab40
D,0.00960429,1,0.9338800762535202,0.5657742,Ab40
S,-0.26397413,1,0.42739817530347496,0.25027117,Ab40
G,-0.24866597,1,0.4807590896866654,0.20153278,Ab40
Y,-0.5528017,0,0.8866336424159008,-0.44498694,Ab40
E,-0.6206504,0,0.8378944506569785,0.040190607,Ab40
V,0.9155555,2,0.3548862955174639,-0.8531098,Ab40
H,0.28019217,1,0.6719765290545476,0.64897394,Ab40
H,-0.07998876,1,0.40506938903325895,-0.012773597,Ab40
Q,-0.66830176,1,0.41539252567573615,-0.026531516,Ab40
K,-0.7695469,0,0.7486182060424071,-0.18209526,Ab40
L,1.1458243,2,0.15841656076452473,-0.008763665,Ab40
V,1.1396853,2,0.22163014401689232,-0.18721561,Ab40
F,1.0051411,2,0.31244371661282155,-0.06055742,Ab40
F,0.7574221,2,0.5462649792170359,-0.5219471,Ab40
A,0.35207558,1,0.8530984022204886,0.1785717,Ab40
E,-0.7508937,0,0.7611526741428849,-0.11732763,Ab40
D,-0.28467178,1,0.9066851237734276,0.24697028,Ab40
V,0.5498936,2,0.759898256177542,-1.9394985,Ab40
G,-0.03968051,1,0.5907162219481085,0.70145226,Ab40
S,-0.10792358,1,0.5181250221039109,0.58489066,Ab40
N,-0.8065241,1,0.6555184850526092,-0.42496404,Ab40
K,-1.1258618,0,0.6285310017260771,-0.5629318,Ab40
G,-0.478118,1,0.44696502846691727,-0.3473453,Ab40
A,-0.1510409,1,0.68019174328889,-0.67104954,Ab40
I,1.1576998,2,0.1840578953539089,-0.50017226,Ab40
I,1.1077553,2,0.1931329889331204,-0.64121217,Ab40
G,-0.6198943,1,0.17786579020283133,-0.6864921,Ab40
L,0.7557744,2,0.3992252314630056,-0.9651224,Ab40
M,0.3884467,2,0.7590997386560716,-0.45917344,Ab40
V,1.1194255,2,0.14441441387878828,-0.24740769,Ab40
G,-0.7415593,1,0.3288040754131423,-0.97753006,Ab40
G,-0.6246989,1,0.3623507904322937,-0.6979852,Ab40
V,1.1133664,2,0.15299767698093025,-0.26540962,Ab40
V,0.93070275,2,0.2488938640576904,-0.8081069,Ab40
G,0.18352821,1,0.8601290240126658,1.2353956,Colicin_N_T_domain
S,0.03355509,1,0.7455713283764025,0.8882636,Colicin_N_T_domain
N,-0.03425972,1,0.8638069356025884,0.751246,Colicin_N_T_domain
G,0.35483658,1,0.6810535215407608,1.6451867,Colicin_N_T_domain
A,-0.1943651,1,0.9090998824257992,-0.74421185,Colicin_N_T_domain
D,-0.17283432,1,0.9623406773775088,0.36812934,Colicin_N_T_domain
N,0.3174829,1,0.7943749744644121,1.2869734,Colicin_N_T_domain
A,0.286166,1,0.8530711664686351,0.06726912,Colicin_N_T_domain
H,0.100828096,1,0.46936814338262955,0.31943476,Colicin_N_T_domain
N,-0.032414004,1,0.636051487270215,0.7540571,Colicin_N_T_domain
N,-0.23778869,1,0.6422561930256112,0.44125783,Colicin_N_T_domain
A,0.27258605,1,0.8179879372854124,0.0443364,Colicin_N_T_domain
F,0.75287724,2,0.6083411171753671,-0.5304121,Colicin_N_T_domain
G,0.14357263,1,0.5938784989053326,1.1398168,Colicin_N_T_domain
G,-0.19815929,1,0.3088512015834911,0.3223511,Colicin_N_T_domain
G,0.088379614,1,0.4507504724476235,1.0077882,Colicin_N_T_domain
K,-0.91928345,0,0.6588573061065085,-0.34213668,Colicin_N_T_domain
N,-0.35014975,1,0.6918307953563233,0.27012444,Colicin_N_T_domain
P,-0.5884319,1,0.7853688925910921,0.16751744,Colicin_N_T_domain
G,0.31811464,1,0.6102543473613389,1.5573431,Colicin_N_T_domain
I,0.96057105,2,0.44158360740574265,-1.0568504,Colicin_N_T_domain
G,0.19103737,1,0.5240621447355204,1.2533585,Colicin_N_T_domain
N,-0.4681813,1,0.7591267573899819,0.09035453,Colicin_N_T_domain
T,0.00946781,1,0.41006256499430843,0.31117433,Colicin_N_T_domain
S,-0.17458682,1,0.31846455391596445,0.44194454,Colicin_N_T_domain
G,0.27477694,1,0.5486395352954566,1.4536738,Colicin_N_T_domain
A,-0.111514166,1,0.8982487682551124,-0.6043001,Colicin_N_T_domain
G,0.51499104,1,0.6877650184476759,2.0282962,Colicin_N_T_domain
S,-0.13527538,1,0.42340124733726175,0.5262401,Colicin_N_T_domain
N,-0.20191859,1,0.7877413327445679,0.49589035,Colicin_N_T_domain
G,-0.104601964,1,0.3681985016713646,0.546152,Colicin_N_T_domain
S,0.3276329,1,0.6132939006717655,1.5188552,Colicin_N_T_domain
A,-0.26397657,1,0.8660879026930666,-0.861766,Colicin_N_T_domain
S,0.2355183,1,0.5627810212642557,1.3213338,Colicin_N_T_domain
S,-0.05105549,1,0.4437071551057775,0.706833,Colicin_N_T_domain
N,0.39114237,2,0.7771052291009627,1.3991617,Colicin_N_T_domain
R,0.38430434,1,0.7115462786835154,0.5239167,Colicin_N_T_domain
G,0.45937026,1,0.6829695729599924,1.8952442,Colicin_N_T_domain
N,0.39458108,2,0.7715905318955095,1.404399,Colicin_N_T_domain
S,0.27704722,1,0.5664998949909298,1.4103842,Colicin_N_T_domain
N,0.091902375,1,0.6715205743561893,0.94339925,Colicin_N_T_domain
G,0.1483508,1,0.394822425688794,1.1512468,Colicin_N_T_domain
W,-0.017347708,1,0.7646047785630589,-0.17913991,Colicin_N_T_domain
S,0.11675319,1,0.3623939498757187,1.0666654,Colicin_N_T_domain
W,-0.33060873,1,0.7863206790348449,-0.50021744,Colicin_N_T_domain
S,0.07846576,1,0.3797304011294146,0.9845656,Colicin_N_T_domain
N,-0.18032421,1,0.6865178163289396,0.52878004,Colicin_N_T_domain
K,-0.75505435,0,0.8607469826055146,-0.16660531,Colicin_N_T_domain
P,-0.3821429,1,0.9615876251151084,0.45401815,Colicin_N_T_domain
H,0.6779263,2,0.6512756215024291,1.3797168,Colicin_N_T_domain
K,0.26645267,2,0.8309168897518782,0.925202,Colicin_N_T_domain
N,-0.15536986,1,0.8136579410310958,0.5667872,Colicin_N_T_domain
D,0.40691572,2,0.799944631463944,0.99620146,Colicin_N_T_domain
G,0.049912013,1,0.47630674956695157,0.9157688,Colicin_N_T_domain
F,0.58798593,2,0.7073244116193258,-0.83753073,Colicin_N_T_domain
H,0.7621677,2,0.6599914961313991,1.5344903,Colicin_N_T_domain
S,-0.06549245,1,0.4278165587704419,0.6758758,Colicin_N_T_domain
D,0.30583918,1,0.7654498464333145,0.8867002,Colicin_N_T_domain
G,0.028392628,1,0.4216934517616343,0.8642918,Colicin_N_T_domain
S,0.43403757,1,0.600035406458771,1.7470188,Colicin_N_T_domain
Y,0.37501246,2,0.8134772193390168,0.38481486,Colicin_N_T_domain
H,0.46602654,1,0.5991317437438904,0.99040085,Colicin_N_T_domain
I,1.651543,2,0.04540069962284299,0.894407,Colicin_N_T_domain
T,0.15397182,1,0.3963745108902796,0.6558342,Colicin_N_T_domain
F,1.0026002,2,0.3082759955254242,-0.06529006,Colicin_N_T_domain
H,0.52564895,1,0.672926362336813,1.0999429,Colicin_N_T_domain
G,-0.12971695,1,0.3908543068545214,0.4860738,Colicin_N_T_domain
D,0.51345277,2,0.7074958015398534,1.1116184,Colicin_N_T_domain
N,0.46523744,2,0.7663204139118791,1.5120134,Colicin_N_T_domain
N,0.671182,2,0.6207594264218248,1.8256805,Colicin_N_T_domain
S,0.39804274,1,0.7242074310082514,1.6698351,Colicin_N_T_domain
K,0.065229215,2,0.9245264943988836,0.71013033,Colicin_N_T_domain
P,0.03958174,1,0.9363031900966994,1.0397227,Colicin_N_T_domain
K,-0.11382423,2,0.9855784161749672,0.51875436,Colicin_N_T_domain
P,-0.3901037,0,0.9859483232589044,0.44296193,Colicin_N_T_domain
G,0.3095296,1,0.6664754497250212,1.5368068,Colicin_N_T_domain
G,0.15115851,1,0.6144105664977544,1.1579632,Colicin_N_T_domain
N,0.5467603,2,0.7202545034299925,1.6361781,Colicin_N_T_domain
S,0.2736153,1,0.644109254986871,1.4030252,Colicin_N_T_domain
G,0.3187329,1,0.6865079962670163,1.5588222,Colicin_N_T_domain
N,0.5042704,2,0.7372421254674706,1.5714631,Colicin_N_T_domain
R,0.64527684,2,0.6492929455746798,0.83808136,Colicin_N_T_domain
G,0.53557634,2,0.698628936677003,2.0775387,Colicin_N_T_domain
N,0.50514746,2,0.72735581881712,1.572799,Colicin_N_T_domain
N,0.4329549,2,0.7708105694081703,1.462845,Colicin_N_T_domain
G,0.24423069,1,0.6176277489945714,1.3806036,Colicin_N_T_domain
D,-0.5173187,0,0.9282245886575101,-0.0050677285,Colicin_N_T_domain
G,0.29174405,1,0.6194603570146983,1.4942615,Colicin_N_T_domain
A,-0.093874246,1,0.8854890897842295,-0.57451123,Colicin_N_T_domain
S,-0.10968231,1,0.47999817052382926,0.58111936,Colicin_N_T_domain
M,0.0010572523,1,0.9470055384674222,-1.1593745,asyn
D,-0.14938028,1,0.9371623641332537,0.39353833,asyn
V,0.74479115,2,0.515234560120363,-1.3604541,asyn
F,0.6228872,2,0.5216617635218762,-0.7725253,asyn
M,0.7585779,2,0.47533928357681293,0.20983353,asyn
K,-0.7351028,0,0.8043924142068536,-0.14528066,asyn
G,-0.31097382,1,0.23789235645246654,0.052484572,asyn
L,1.0178488,2,0.2376340237185026,-0.32254517,asyn
S,-0.16317005,1,0.40441562247980617,0.46642554,asyn
K,-0.75974417,0,0.796569676922526,-0.17161787,asyn
A,0.4586478,2,0.7333368333277124,0.358542,asyn
K,-1.4784455,0,0.5427753306927136,-0.9397804,asyn
E,-0.356848,1,0.8151796708477965,0.35923728,asyn
G,-0.28115934,1,0.25730480134942535,0.12380456,asyn
V,1.0116501,2,0.15309945839622296,-0.56761074,asyn
V,0.9931404,2,0.3108018131101541,-0.6226034,asyn
A,0.113594085,1,0.8217284585519062,-0.224156,asyn
A,0.53629017,2,0.6739083142746506,0.48965797,asyn
A,0.5420465,2,0.6579762132577057,0.49937874,asyn
E,-0.073915616,1,0.9068458255602597,0.70142007,asyn
K,-0.83940166,0,0.7194827876244895,-0.2567574,asyn
T,-0.2633481,1,0.26362444523291195,-0.33952525,asyn
K,-0.90261966,0,0.7203888375367435,-0.3243261,asyn
Q,-0.292925,1,0.525314121249004,0.7783044,asyn
G,-0.18567441,1,0.3702606875480006,0.3522165,asyn
V,0.97669965,2,0.1835121087907473,-0.6714492,asyn
A,0.17866147,1,0.8096388229802053,-0.11427563,asyn
E,-0.06420827,1,0.9154843332925306,0.7131603,asyn
A,0.395626,2,0.7785312540047763,0.25211605,asyn
A,0.24621584,1,0.7933560752217694,-0.0001954224,asyn
G,-0.44592035,1,0.3251289850564795,-0.27032447,asyn
K,-0.06519273,1,0.8746232183934148,0.5707327,asyn
T,-0.4764688,1,0.26819543991299105,-0.8478444,asyn
K,-1.4142854,0,0.5351746027641311,-0.8712048,asyn
E,-0.72367924,0,0.8286381470953162,-0.08441404,asyn
G,-0.27141446,1,0.23967562001779133,0.14711554,asyn
V,1.0193139,2,0.14162325116780944,-0.5448413,asyn
L,0.8259981,2,0.4872001822365341,-0.79294163,asyn
Y,-0.3985114,0,0.994028660841638,-0.30699554,asyn
V,1.2961003,2,0.11531640392880463,0.2774965,asyn
G,-0.496139,1,0.23306761354247055,-0.39045376,asyn
S,-0.5231366,1,0.2719826200372417,-0.3054514,asyn
K,-0.8527176,0,0.779808024818254,-0.27098975,asyn
T,-0.37530613,1,0.2447639040923846,-0.606559,asyn
K,-1.6941106,0,0.4164778324089536,-1.1702876,asyn
E,-0.38136762,1,0.7958983319156858,0.32958287,asyn
G,-0.24870445,1,0.27348812776269915,0.20144074,asyn
V,1.0171566,2,0.15366678399023276,-0.55125076,asyn
V,1.1440933,2,0.15596485480734804,-0.17411934,asyn
H,-0.14880608,1,0.35825370868536066,-0.1392092,asyn
G,-0.3854488,1,0.14643453896533604,-0.12566896,asyn
V,1.1971165,2,0.0610209899373877,-0.016586285,asyn
A,0.48681635,2,0.7846011373630497,0.4061107,asyn
T,0.11242549,1,0.42430585950564315,0.5567411,asyn
V,1.169025,2,0.09880544145781446,-0.10004685,asyn
A,0.5296471,2,0.6833678551399838,0.47843972,asyn
E,-0.5397174,1,0.9022102137876361,0.13807227,asyn
K,-0.5390733,1,0.8114010086778108,0.06423962,asyn
T,-0.20690246,1,0.29553913106580487,-0.20489544,asyn
K,-0.9605835,0,0.6981020171112657,-0.38627902,asyn
E,0.01644522,1,0.8915234907088133,0.8107038,asyn
Q,-0.7472751,1,0.5746991584064576,-0.1958563,asyn
V,1.0919038,2,0.13549828594286448,-0.32917532,asyn
T,-0.21609642,1,0.2841002509235968,-0.22682416,asyn
N,-0.28746313,1,0.6124315798750369,0.36560035,asyn
V,1.1821707,2,0.11208705486355511,-0.060990397,asyn
G,-0.33412993,1,0.20421202619850062,-0.0029077418,asyn
G,-0.31638747,1,0.22627058443874895,0.03953444,asyn
A,0.5523991,2,0.6823242158518329,0.5168614,asyn
V,1.1239794,2,0.12067787290283966,-0.23387793,asyn
V,1.356506,2,0.07984087412264589,0.45696312,asyn
T,-0.14720853,1,0.28802873685601904,-0.06251805,asyn
G,-0.33871794,1,0.15527853556243698,-0.0138828335,asyn
V,1.2452636,2,0.043095908031303726,0.12645967,asyn
T,-0.24770977,1,0.22240137153202358,-0.3022259,asyn
A,0.44506997,2,0.7178129973161395,0.3356129,asyn
V,1.2456012,2,0.08716928522355878,0.12746269,asyn
A,0.4657941,2,0.7142151110927184,0.37061006,asyn
Q,-0.6485055,1,0.46722780391925084,0.015913133,asyn
K,-0.7000611,1,0.7387824645727883,-0.10782739,asyn
T,-0.20630012,1,0.3298200991680395,-0.2034588,asyn
V,1.1407535,2,0.19431474657840428,-0.18404186,asyn
E,0.18002814,1,0.8073844405877512,1.0085435,asyn
G,-0.3205248,1,0.23187775841518643,0.02963741,asyn
A,0.33376443,2,0.7774739968406987,0.14764936,asyn
G,-0.48805362,1,0.24015707432445857,-0.37111256,asyn
S,-0.36426324,1,0.31731359925497293,0.035221078,asyn
I,1.2759641,2,0.10534683698823885,-0.16620196,asyn
A,0.33485165,1,0.7395899883388956,0.14948538,asyn
A,0.22976063,1,0.7861502114405754,-0.027983602,asyn
A,0.46714115,2,0.7231977550281885,0.37288487,asyn
T,-0.39332503,1,0.18086807068153823,-0.64953625,asyn
G,-0.32957554,1,0.33272719015147395,0.007986933,asyn
F,0.86532193,2,0.39942336884501467,-0.320978,asyn
V,0.96856064,2,0.32098193492815813,-0.6956304,asyn
K,-0.40168285,1,0.9083620214194127,0.21108529,asyn
K,-0.90982634,0,0.7259996194364843,-0.33202872,asyn
D,0.1989712,1,0.8658614444694889,0.7709248,asyn
Q,-0.014815614,1,0.6750004570730743,1.3745917,asyn
L,0.38435048,2,0.79628082604032,-1.8758122,asyn
G,0.1182203,1,0.623952899708363,1.0791708,asyn
K,0.6432944,2,0.5862249271076163,1.327978,asyn
N,-0.04620254,1,0.7384339337562422,0.73305625,asyn
E,0.22072156,1,0.891496471974903,1.0577587,asyn
E,0.44682705,2,0.7557011291588607,1.3312143,asyn
G,0.10294412,1,0.6520255270046553,1.0426283,asyn
A,-0.009549245,1,0.7881010942396671,-0.43211022,asyn
P,-0.019084305,1,0.8104460212193979,0.9582455,asyn
Q,-0.32787377,1,0.5568778076862485,0.70337164,asyn
E,-0.45199484,1,0.8045109060037616,0.24416524,asyn
G,-0.18798916,1,0.3642676556688116,0.34667933,asyn
I,1.0031118,2,0.33435080989243904,-0.9367181,asyn
L,0.63711053,2,0.6109698555195908,-1.2560729,asyn
E,-0.37315565,1,0.775821839240222,0.33951455,asyn
D,-0.34864742,1,0.8927726459890372,0.1776623,asyn
M,0.62289023,2,0.566682841116925,-0.03542,asyn
P,-0.045003608,1,0.7933324202659765,0.92224795,asyn
V,0.8677936,2,0.4215262123092676,-0.9950112,asyn
D,-0.69235665,0,0.8844245082645737,-0.19469503,asyn
P,-0.38749492,1,0.697395894979051,0.4465851,asyn
D,-0.7733757,0,0.8228087738724335,-0.28246698,asyn
N,-0.04555106,1,0.6627665045692418,0.73404855,asyn
E,-0.7685202,1,0.7678644965767146,-0.13864535,asyn
A,-0.09293394,1,0.7763181050215027,-0.57292336,asyn
Y,-0.7255431,0,0.8132076287992569,-0.5994803,asyn
E,-0.38156986,1,0.799791471050633,0.32933828,asyn
M,0.629904,2,0.6484108761451333,-0.022742767,asyn
P,-0.17362009,1,0.7235530134009693,0.74362123,asyn
S,-0.2082686,1,0.32728817795366116,0.36972064,asyn
E,-0.615934,0,0.8604092484316355,0.04589469,asyn
E,-0.24355303,1,0.7610740051385275,0.49625793,asyn
G,-0.06828208,1,0.4282790511343347,0.6330337,asyn
Y,-0.61727786,0,0.8686596195727526,-0.502652,asyn
Q,-0.3666973,1,0.5326557297535789,0.620131,asyn
D,-0.72081065,1,0.8485820418075736,-0.22552066,asyn
Y,-0.6450283,0,0.8895581762165083,-0.5274709,asyn
E,-0.6773944,1,0.8483815714826766,-0.028436428,asyn
P,-0.40353453,1,0.7639861689163809,0.42430878,asyn
E,-0.34869242,1,0.8750481395259163,0.36910078,asyn
A,0.3796992,2,0.828634295026827,0.22522019,asyn
G,0.0791051,1,0.827352804073088,0.9856024,idr_SSRP1
S,0.04316061,1,0.7179367517981665,0.90886074,idr_SSRP1
H,0.29771388,1,0.7535854754865045,0.681166,idr_SSRP1
M,0.26284385,1,0.8448204155461176,-0.68619883,idr_SSRP1
G,-0.04109244,1,0.5050450794035647,0.69807476,idr_SSRP1
Y,-0.2158672,1,0.9720708938723173,-0.1436455,idr_SSRP1
K,-0.02538094,1,0.8884348370887706,0.6132844,idr_SSRP1
D,-0.45550174,1,0.8459843370292067,0.061901692,idr_SSRP1
V,1.2648245,2,0.162791764569104,0.1845756,idr_SSRP1
D,0.23551619,1,0.8360683531751433,0.8105158,idr_SSRP1
F,0.6852949,2,0.5888608812984466,-0.65628767,idr_SSRP1
G,0.15583777,1,0.6168816955608345,1.1691566,idr_SSRP1
D,-0.17837612,1,0.8929356264642714,0.36212564,idr_SSRP1
S,0.07765364,1,0.6429246082902202,0.9828242,idr_SSRP1
D,-0.29700625,1,0.8744081536118475,0.23360774,idr_SSRP1
N,0.56442636,2,0.7039325296783496,1.6630849,idr_SSRP1
E,-0.34194255,1,0.8221713921736813,0.37726417,idr_SSRP1
N,0.3474685,2,0.7747191168170744,1.3326435,idr_SSRP1
E,-0.47275323,1,0.8734049339155906,0.21905972,idr_SSRP1
P,-0.56922716,1,0.7776883020594654,0.19418958,idr_SSRP1
D,-0.67960083,0,0.8371571864499354,-0.18087602,idr_SSRP1
A,0.35486656,2,0.7762898926889056,0.1832849,idr_SSRP1
Y,-0.6530785,0,0.8774512877183345,-0.5346707,idr_SSRP1
L,0.9293429,2,0.3046470486089034,-0.5395518,idr_SSRP1
A,0.41472667,2,0.7595298139647205,0.28437167,idr_SSRP1
R,0.3301465,1,0.6398426822264122,0.45872024,idr_SSRP1
L,1.2470006,2,0.12193631926375055,0.23930919,idr_SSRP1
K,-0.19774498,1,0.9098191883980546,0.42905822,idr_SSRP1
A,0.33138,1,0.7415045206325257,0.14362276,idr_SSRP1
E,0.4759996,2,0.7322647104345354,1.3664958,idr_SSRP1
A,0.14609018,1,0.8396815934180354,-0.1692793,idr_SSRP1
R,0.93392175,2,0.40310339635988196,1.1855587,idr_SSRP1
E,-0.47785956,1,0.941308057899431,0.21288405,idr_SSRP1
K,0.7123694,2,0.5349708229156025,1.4018068,idr_SSRP1
E,-0.10132179,1,0.9252484045864556,0.66827464,idr_SSRP1
E,0.5157365,2,0.6894303056337076,1.4145544,idr_SSRP1
D,0.44902915,2,0.7438344252691628,1.041825,idr_SSRP1
D,0.37940216,2,0.7862780350090347,0.96639466,idr_SSRP1
D,0.38449633,2,0.7924199683244022,0.9719134,idr_SSRP1
D,0.25822622,1,0.7927866743936792,0.8351187,idr_SSRP1
G,0.2316356,1,0.6048165830166986,1.3504745,idr_SSRP1
D,0.16395676,1,0.807972776231373,0.73299193,idr_SSRP1
S,0.29905695,1,0.6739520433901761,1.4575797,idr_SSRP1
D,0.05211374,1,0.8073752173251714,0.6118268,idr_SSRP1
E,-0.3543049,1,0.9462078890177239,0.36231294,idr_SSRP1
E,-0.5477692,1,0.8516900642790339,0.12833427,idr_SSRP1
S,0.029907778,1,0.5258152699340034,0.8804426,idr_SSRP1
T,-0.11182542,1,0.3976841870493729,0.021875018,idr_SSRP1
D,-0.37847543,1,0.7071828616659682,0.14534813,idr_SSRP1
E,0.2633769,1,0.7964079985549501,1.1093467,idr_SSRP1
D,0.6409082,2,0.7105993208889954,1.2496971,idr_SSRP1
F,-0.054439068,2,0.9678795178291268,-2.0340807,idr_SSRP1
K,0.79866135,2,0.564804116783899,1.4940374,idr_SSRP1
P,0.10894133,1,0.8021212129238129,1.1360515,idr_SSRP1
N,0.62735873,2,0.6860829123710576,1.7589349,idr_SSRP1
E,0.28475213,1,0.8487041144005419,1.1351984,idr_SSRP1
N,0.46315902,2,0.7532183353813414,1.5088478,idr_SSRP1
E,-0.24179505,1,0.8508642024967386,0.49838406,idr_SSRP1
S,-0.10433823,1,0.4235383212955438,0.5925787,idr_SSRP1
D,-0.014056638,1,0.7823309126607526,0.54014117,idr_SSRP1
V,1.0692887,2,0.3083322031726754,-0.39636517,idr_SSRP1
A,-0.006694019,1,0.7650058277218242,-0.42728856,idr_SSRP1
E,-0.33376884,1,0.8505252204696869,0.38714957,idr_SSRP1
E,-0.2493089,1,0.8895516656782168,0.48929673,idr_SSRP1
Y,-0.2392972,1,0.9382780533784988,-0.16460039,idr_SSRP1
D,-0.15669666,1,0.7047917037149038,0.38561207,idr_SSRP1
S,-0.27291483,1,0.326328633118444,0.23109964,idr_SSRP1
N,0.521361,2,0.7240616492050043,1.5974933,idr_SSRP1
V,0.96116567,2,0.4194638094146885,-0.71760094,idr_SSRP1
E,-0.048308223,1,0.8831746476760349,0.73239005,idr_SSRP1
S,-0.12449519,1,0.40467189354331107,0.54935604,idr_SSRP1
D,0.019662455,1,0.8734838741923767,0.5766707,idr_SSRP1
S,-0.0028291643,1,0.45251702563133306,0.8102448,idr_SSRP1
D,0.2834037,1,0.8270748040880347,0.8623947,idr_SSRP1
D,0.2729665,2,0.8134970764808064,0.85108757,idr_SSRP1
D,0.026242837,1,0.7795765209275001,0.5837996,idr_SSRP1
S,-0.052739173,1,0.40387234518661114,0.70322263,idr_SSRP1
D,0.25709075,1,0.7336962692958969,0.8338886,idr_SSRP1
A,0.5697718,2,0.6032533485183886,0.546199,idr_SSRP1
S,0.020625368,1,0.43426964156166437,0.86053836,idr_SSRP1
G,0.29245615,1,0.6270246259288474,1.4959648,idr_SSRP1
G,0.2967068,1,0.5449533227692123,1.5061328,idr_SSRP1
G,0.13403235,1,0.4819812804874647,1.1169952,idr_SSRP1
G,0.3011524,1,0.5628399958902809,1.5167675,idr_SSRP1
D,-0.26235837,1,0.9563991601325524,0.27114353,idr_SSRP1
S,-0.08011766,1,0.44388410611109586,0.644515,idr_SSRP1
D,-0.23904248,1,0.9063900878798445,0.2964028,idr_SSRP1
G,-0.09847149,1,0.3801045129359983,0.5608168,idr_SSRP1
A,0.33308995,2,0.7954060809663516,0.14651035,idr_SSRP1
M,0.20962858,1,0.9011494843364696,-0.7823847,His-PknG_1-75
G,0.057831004,1,0.7830988306522523,0.93471205,His-PknG_1-75
S,0.09807509,1,0.6959161038798456,1.026614,His-PknG_1-75
S,0.116814114,1,0.6886114969345615,1.0667961,His-PknG_1-75
H,0.67690676,2,0.6687840866032388,1.3778435,His-PknG_1-75
H,0.6954191,2,0.642394921745709,1.4118556,His-PknG_1-75
H,0.69196284,2,0.6712356297969583,1.4055055,His-PknG_1-75
H,0.6607887,2,0.6739175375372305,1.3482304,His-PknG_1-75
H,0.59933233,2,0.6776006575577863,1.2353188,His-PknG_1-75
H,0.44866008,2,0.7201415455906325,0.95849407,His-PknG_1-75
S,-0.07690169,1,0.5226643864187897,0.651411,His-PknG_1-75
S,-0.19863154,1,0.41756701833790316,0.39038542,His-PknG_1-75
G,-0.20363908,1,0.4254827749380726,0.30924278,His-PknG_1-75
L,0.64712715,2,0.680450971221869,-1.2315133,His-PknG_1-75
V,0.7972935,2,0.44268920531663575,-1.2044685,His-PknG_1-75
P,-0.8277399,0,0.7404421092923005,-0.16484113,His-PknG_1-75
R,-0.15465681,1,0.5694324584554303,-0.124897026,His-PknG_1-75
G,-0.3306191,1,0.48130863337296614,0.0054906113,His-PknG_1-75
S,-0.3252104,1,0.4225012196729274,0.11896216,His-PknG_1-75
H,0.08972714,1,0.7315354758913853,0.29903936,His-PknG_1-75
M,0.22358233,1,0.8373360634894983,-0.75716347,His-PknG_1-75
A,-0.1547985,1,0.8977655778049007,-0.67739505,His-PknG_1-75
K,-0.35375196,0,0.9486906827952433,0.2623148,His-PknG_1-75
A,0.032090984,1,0.8487852791112445,-0.36179167,His-PknG_1-75
S,-0.1463239,1,0.5389584191102643,0.50254875,His-PknG_1-75
E,0.12252504,1,0.9471624424402508,0.9389984,His-PknG_1-75
T,0.22477123,1,0.601955906745835,0.8246995,His-PknG_1-75
E,-0.5277051,0,0.8822471129874184,0.15260012,His-PknG_1-75
R,0.6106572,2,0.5941659934253946,0.79640543,His-PknG_1-75
S,-0.01909037,1,0.5696466009107397,0.7753759,His-PknG_1-75
G,0.07955012,1,0.6293405329081576,0.9866669,His-PknG_1-75
P,-0.4834438,1,0.9056728435780481,0.31332824,His-PknG_1-75
G,-0.1342058,1,0.5462812013082793,0.47533587,His-PknG_1-75
T,0.20655647,1,0.5807834192034583,0.78125507,His-PknG_1-75
Q,-0.48679733,1,0.6088406382257937,0.3626276,His-PknG_1-75
P,-0.44915938,1,0.915576782936272,0.36094353,His-PknG_1-75
A,-0.17121698,1,0.9065118349458983,-0.7051212,His-PknG_1-75
D,0.43375337,2,0.7799075817996304,1.0252761,His-PknG_1-75
A,0.30293107,2,0.8361460998532427,0.09558055,His-PknG_1-75
Q,-0.33199906,1,0.6878060348389133,0.6945267,His-PknG_1-75
T,0.22050166,1,0.5900349483703734,0.81451607,His-PknG_1-75
A,0.08334183,1,0.8661740588164594,-0.27524352,His-PknG_1-75
T,0.04247836,1,0.40328406379747517,0.38990855,His-PknG_1-75
S,-0.27279598,1,0.4032997433438609,0.23135449,His-PknG_1-75
A,0.34668124,2,0.7828814871822828,0.16946219,His-PknG_1-75
T,0.09550418,1,0.4639482287638056,0.5163817,His-PknG_1-75
V,1.0941559,2,0.1778242990848435,-0.32248428,His-PknG_1-75
R,-0.14025794,1,0.5407311844325938,-0.10756333,His-PknG_1-75
P,-0.7861913,0,0.7590808580950258,-0.1071371,His-PknG_1-75
L,1.0816073,2,0.18794263860718413,-0.16621648,His-PknG_1-75
S,-0.33359963,1,0.3242287132469593,0.10097311,His-PknG_1-75
T,-0.056996495,1,0.30889644982461806,0.15264876,His-PknG_1-75
Q,-0.60995334,1,0.5211946323994505,0.09857187,His-PknG_1-75
A,0.086192794,1,0.7889059052814862,-0.27042902,His-PknG_1-75
V,1.0134418,2,0.3007357070939825,-0.5622875,His-PknG_1-75
F,0.9981355,2,0.3720267253140955,-0.073605776,His-PknG_1-75
R,0.31125405,1,0.7018787803742498,0.4359771,His-PknG_1-75
P,-0.8166572,1,0.7210078269648218,-0.14944911,His-PknG_1-75
D,0.49914902,2,0.7009286758195555,1.0961224,His-PknG_1-75
F,0.682038,2,0.5979144358468098,-0.6623539,His-PknG_1-75
G,-0.20821433,1,0.512285557546676,0.29829818,His-PknG_1-75
D,-0.24633007,1,0.9547769510082172,0.28850776,His-PknG_1-75
E,-0.5074482,0,0.9333812605114086,0.1770991,His-PknG_1-75
D,-0.5173739,1,0.8701853099669142,-0.0051275226,His-PknG_1-75
N,0.09034621,1,0.8113795239014484,0.94102913,His-PknG_1-75
F,0.6307296,2,0.610264872731577,-0.7579184,His-PknG_1-75
P,-0.26959676,1,0.9190253065603855,0.6103258,His-PknG_1-75
H,0.02020365,1,0.460765172338534,0.17130634,His-PknG_1-75
P,-0.39994425,1,0.7023866566154839,0.42929506,His-PknG_1-75
T,0.31267318,1,0.533075442455447,1.0343565,His-PknG_1-75
L,0.6082897,2,0.648345282471845,-1.3267382,His-PknG_1-75
G,-0.012367502,1,0.4560353747786245,0.76678836,His-PknG_1-75
P,-0.48384988,1,0.834859725995785,0.31276426,His-PknG_1-75
D,0.3034225,2,0.8594009288137168,0.8840821,His-PknG_1-75
T,0.28588706,1,0.6031296482908474,0.97046834,His-PknG_1-75
E,-0.15347563,1,0.932546718011391,0.6051989,His-PknG_1-75
P,-0.1650833,1,0.9290097595754827,0.7554774,His-PknG_1-75
Q,-0.17462908,1,0.6299257760460908,1.0319397,His-PknG_1-75
D,-0.3311445,1,0.830752064624128,0.19662406,His-PknG_1-75
R,0.26989567,1,0.732942186198267,0.38618895,His-PknG_1-75
M,0.24997926,1,0.7988145105254857,-0.7094514,His-PknG_1-75
A,-0.11721344,1,0.8606744986125343,-0.61392456,His-PknG_1-75
T,-0.1203057,1,0.33270122938003605,0.0016485031,His-PknG_1-75
T,-0.18664326,1,0.30005326704480356,-0.15657474,His-PknG_1-75
S,-0.39115405,1,0.3538304489700162,-0.02244094,His-PknG_1-75
R,0.45970148,2,0.6692732993013704,0.6146815,His-PknG_1-75
V,1.0162711,2,0.2729214125316542,-0.5538816,His-PknG_1-75
R,0.32565248,1,0.7218154592399005,0.45331025,His-PknG_1-75
P,-0.98075694,0,0.7069954666721403,-0.37735605,His-PknG_1-75
P,-0.62042195,0,0.8387940442854268,0.123088636,His-PknG_1-75
V,0.9725605,2,0.2652245999087842,-0.68374664,His-PknG_1-75
R,-0.21708162,1,0.5729196655278934,-0.20004544,His-PknG_1-75
R,-0.014122233,1,0.6143417175553202,0.044281706,His-PknG_1-75
L,0.97699875,2,0.28327183918047055,-0.42270502,His-PknG_1-75
G,-0.3955292,1,0.4529414856007055,-0.14978254,His-PknG_1-75
